pair_year,date,near_symbol,far_symbol,source_update,near_open,far_open,near_high,far_high,near_low,far_low,near_close,far_close,near_settle,far_settle,near_pre_settle,far_pre_settle,near_volume,far_volume,near_open_interest,far_open_interest,near_oi_change,far_oi_change,close_spread,settle_spread
2020,2020-06-17,sc2010,sc2011,20200617 19:56:35,319.5,330,322.4,330.5,313.7,322,316.6,324.3,317.9,326,309,318.2,7817,2631,12049,5682,-61,63,-7.699999999999989,-8.100000000000023
2020,2020-06-18,sc2010,sc2011,20200618 19:56:38,316.9,324.3,318.7,326.6,315.1,323,317.1,325.3,317,324.9,317.9,326,5201,2048,12497,5826,448,144,-8.199999999999989,-7.899999999999977
2020,2020-06-19,sc2010,sc2011,20200619 19:56:41,317.9,326,321.5,328.3,316.3,324.5,320.4,327.2,318.7,326.5,317,324.9,4913,2584,13068,6151,571,325,-6.800000000000011,-7.800000000000011
2020,2020-06-22,sc2010,sc2011,20200622 19:56:42,322.2,328.6,323.7,331.2,315.9,323.8,319.6,327.3,319.9,328.1,318.7,326.5,8515,2234,13681,6133,613,-18,-7.699999999999989,-8.200000000000045
2020,2020-06-23,sc2010,sc2011,20200623 19:56:41,319.6,327.3,324.6,332.5,318.4,326.4,321.2,329.1,321.3,329.4,319.9,328.1,10383,2347,14492,6032,811,-101,-7.900000000000034,-8.099999999999966
2020,2020-06-24,sc2010,sc2011,20200624 19:56:35,322.8,331.8,323.7,331.8,319.3,327.8,321.2,329.6,321.3,329.4,321.3,329.4,5050,2044,14742,6282,250,250,-8.400000000000034,-8.099999999999966
2020,2020-06-29,sc2010,sc2011,20200629 19:56:41,310.9,320,313.9,321.7,305.1,313.2,307.1,316.2,308.8,316.8,321.3,329.4,8127,2536,16101,6702,1359,420,-9.099999999999966,-8.0
2020,2020-06-30,sc2010,sc2011,20200630 19:56:34,310.9,319.3,314.7,322.3,310.6,319.2,313,320.1,313,320.7,308.8,316.8,6882,2126,16712,7101,611,399,-7.100000000000023,-7.699999999999989
2020,2020-07-01,sc2010,sc2011,20200701 19:56:41,312,319.2,314.4,321.9,309.9,317.7,313.2,321.6,312.3,320.1,313,320.7,6807,2366,16784,7072,72,-29,-8.400000000000034,-7.800000000000011
2020,2020-07-02,sc2010,sc2011,20200702 19:56:34,312.9,320.8,319,325.5,311.5,319.6,316.6,324.1,314.8,322,312.3,320.1,7382,2747,16899,7218,115,146,-7.5,-7.199999999999989
2020,2020-07-03,sc2010,sc2011,20200703 19:56:35,317.7,324.7,320,327.5,316.1,323.4,317.8,325.5,318.1,325.4,314.8,322,7084,2526,16655,7224,-244,6,-7.699999999999989,-7.2999999999999545
2020,2020-07-06,sc2010,sc2011,20200706 19:56:41,317.5,324.9,320.4,328.9,314.2,322.3,319.3,327.5,317.6,325.8,318.1,325.4,6437,2803,16710,7029,55,-195,-8.199999999999989,-8.199999999999989
2020,2020-07-07,sc2010,sc2011,20200707 19:56:34,319.3,327.9,321.1,329.3,317.2,326,317.6,326,319.1,327.5,317.6,325.8,7084,2509,16581,7194,-129,165,-8.399999999999977,-8.399999999999977
2020,2020-07-08,sc2010,sc2011,20200708 19:56:42,318.4,326.8,323.5,331.4,317.2,324.6,319.6,326.8,320.1,328.5,319.1,327.5,8303,2452,16597,7195,16,1,-7.199999999999989,-8.399999999999977
2020,2020-07-09,sc2010,sc2011,20200709 19:56:41,320.7,327.9,322.2,330.2,319.6,327.9,320.6,329.3,320.8,329,320.1,328.5,8236,2435,17192,7143,595,-52,-8.699999999999989,-8.199999999999989
2020,2020-07-10,sc2010,sc2011,20200710 19:56:35,321,329.4,322.6,329.8,312.7,321.9,314.1,323.7,315.7,324.4,320.8,329,12962,2997,18780,7263,1588,120,-9.599999999999966,-8.699999999999989
2020,2020-07-13,sc2010,sc2011,20200713 19:56:42,315.1,324.4,319.7,328.6,315.1,324.4,317.8,327,317.9,327.1,315.7,324.4,9379,2385,18778,7370,-2,107,-9.199999999999989,-9.200000000000045
2020,2020-07-14,sc2010,sc2011,20200714 19:56:42,317.6,326.8,318.8,327.8,311.1,320.7,314.5,324.3,314.3,323.5,317.9,327.1,12297,2893,19528,7456,750,86,-9.800000000000011,-9.199999999999989
2020,2020-07-15,sc2010,sc2011,20200715 19:56:41,313.6,323.6,318.2,327.5,312.5,322.3,317.2,326.7,316.3,325.7,314.3,323.5,8423,2233,19012,7359,-516,-97,-9.5,-9.399999999999977
2020,2020-07-16,sc2010,sc2011,20200716 19:56:43,318.4,328.4,319.8,330.1,307.6,318.5,310.5,321.1,314.3,323.9,316.3,325.7,22496,6922,20976,8388,1964,1029,-10.600000000000023,-9.599999999999966
2020,2020-07-17,sc2010,sc2011,20200717 19:56:42,311.1,321.5,313.9,323.7,309.7,320.3,310.2,321.1,311.5,321.7,314.3,323.9,10523,3287,22003,8507,1027,119,-10.900000000000034,-10.199999999999989
2020,2020-07-20,sc2010,sc2011,20200720 19:56:44,310,321.1,312.1,322.7,302.4,314.1,303,315.1,305.8,316.8,311.5,321.7,13595,4394,23775,8961,1772,454,-12.100000000000023,-11.0
2020,2020-07-21,sc2010,sc2011,20200721 19:56:35,303.3,315.1,311.5,322.1,302.7,314.4,308.8,319.1,307.8,319,305.8,316.8,12771,4430,23729,8883,-46,-78,-10.300000000000011,-11.199999999999989
2020,2020-07-22,sc2010,sc2011,20200722 19:56:43,314.2,323.9,315,325.5,309,320,311,321.2,311.8,322.1,307.8,319,14766,4369,24010,8793,281,-90,-10.199999999999989,-10.300000000000011
2020,2020-07-23,sc2010,sc2011,20200723 19:56:43,309.7,319.8,310.8,321.5,307,318.1,310,319.8,309,319.9,311.8,322.1,15124,3839,24477,8841,467,48,-9.800000000000011,-10.899999999999977
2020,2020-07-24,sc2010,sc2011,20200724 19:56:43,307.6,317.9,311.4,321.8,303.6,314.8,305.5,316,307.7,318.6,309,319.9,15946,3990,24952,9044,475,203,-10.5,-10.900000000000034
2020,2020-07-27,sc2010,sc2011,20200727 19:56:44,307.1,317.3,307.8,318.5,302.4,313.9,304,315.4,304.7,315.5,307.7,318.6,15748,4336,25979,8993,1027,-51,-11.399999999999977,-10.800000000000011
2020,2020-07-28,sc2010,sc2011,20200728 19:56:42,305.1,317.6,306.3,317.6,298.3,310.2,300.9,313.6,301.1,313.2,304.7,315.5,20289,4295,27992,9246,2013,253,-12.700000000000045,-12.099999999999966
2020,2020-07-29,sc2010,sc2011,20200729 19:56:43,300.2,312.5,301.4,314.4,298,310.8,300.3,313.5,299.7,312.3,301.1,313.2,18236,6546,28774,10943,782,1697,-13.199999999999989,-12.600000000000023
2020,2020-07-30,sc2010,sc2011,20200730 19:56:41,301.1,313.9,304.5,316.5,300.1,312.8,300.5,313,302,314.4,299.7,312.3,19751,4252,30142,10858,1368,-85,-12.5,-12.399999999999977
2020,2020-07-31,sc2010,sc2011,20200731 19:56:42,297.1,310.8,300.7,313.5,289.8,302.9,296,308.9,296.1,309.1,302,314.4,36210,9840,34352,11035,4210,177,-12.899999999999977,-13.0
2020,2020-08-03,sc2010,sc2011,20200803 19:56:42,296.1,308.6,296.7,309.3,288.1,301.4,289.8,303.2,291.6,304.4,296.1,309.1,30106,6829,39224,12164,4872,1129,-13.399999999999977,-12.799999999999955
2020,2020-08-04,sc2010,sc2011,20200804 19:56:42,291,304.4,293.9,307,289.3,302.9,290.8,304.2,291.9,304.8,291.6,304.4,28816,5480,40563,12665,1339,501,-13.399999999999977,-12.900000000000034
2020,2020-08-05,sc2010,sc2011,20200805 19:56:35,288.5,301.6,292.8,305.3,286.7,299.5,289.9,302,289.5,301.9,291.9,304.8,31961,8514,40388,13893,-175,1228,-12.100000000000023,-12.399999999999977
2020,2020-08-06,sc2010,sc2011,20200806 19:56:35,298,306.9,298,309.5,287.6,301,292.4,304.7,292.7,305.2,289.5,301.9,52432,11227,41598,13724,1210,-169,-12.300000000000011,-12.5
2020,2020-08-07,sc2010,sc2011,20200807 19:56:42,292.1,305.1,294.3,306.6,289.6,303.1,291.3,304.8,291.9,304.8,292.7,305.2,29966,4250,43355,14195,1757,471,-13.5,-12.900000000000034
2020,2020-08-10,sc2010,sc2011,20200810 19:56:44,291.5,305.1,296.1,308.2,289.3,302.7,293.9,306.7,292,305.3,291.9,304.8,31516,6063,42909,14484,-446,289,-12.800000000000011,-13.300000000000011
2020,2020-08-11,sc2010,sc2011,20200811 19:56:43,294.2,307.1,296.4,308.4,292.5,305.6,294.9,307.5,294.4,307.1,292,305.3,32535,6590,43287,14330,378,-154,-12.600000000000023,-12.700000000000045
2020,2020-08-12,sc2010,sc2011,20200812 19:56:44,297,309.7,297,309.7,288.5,301.8,293.5,306.3,293.2,305.8,294.4,307.1,60691,8348,48543,15416,5256,1086,-12.800000000000011,-12.600000000000023
2020,2020-08-13,sc2010,sc2011,20200813 19:56:44,295,307.7,295.5,308.6,292.3,305.3,292.9,305.8,293.4,306.2,293.2,305.8,30465,3897,49059,15428,516,12,-12.900000000000034,-12.800000000000011
2020,2020-08-14,sc2010,sc2011,20200814 19:56:37,294,306.6,294,306.6,290.3,303.7,291.9,304.9,292,305,293.4,306.2,30992,3809,51125,15684,2066,256,-13.0,-13.0
2020,2020-08-17,sc2010,sc2011,20200817 19:56:43,291.3,303.7,291.5,304.8,289.2,303.1,289.3,303.4,290.1,303.7,292,305,42658,5000,58167,16693,7042,1009,-14.099999999999966,-13.599999999999966
2020,2020-08-18,sc2010,sc2011,20200818 19:56:44,287.9,302.4,291.9,306.3,283.8,299,284.1,299,287.9,302.5,290.1,303.7,91330,11428,69492,19129,11325,2436,-14.899999999999977,-14.600000000000023
2020,2020-08-19,sc2010,sc2011,20200819 19:56:47,284.9,299.6,291.8,305.6,283.5,298.7,288.8,303.7,287.6,302.1,287.9,302.5,97471,8712,67356,18956,-2136,-173,-14.899999999999977,-14.5
2020,2020-08-20,sc2010,sc2011,20200820 19:56:47,288.6,302.9,290.5,304.7,287.8,302.6,288.8,303.5,289.1,303.5,287.6,302.1,65021,7254,66287,19114,-1069,158,-14.699999999999989,-14.399999999999977
2020,2020-08-21,sc2010,sc2011,20200821 19:56:47,289,303.2,289.3,303.7,284.3,299.2,286.3,300.6,286.1,300.9,289.1,303.5,78116,10270,67020,19911,733,797,-14.300000000000011,-14.799999999999955
2020,2020-08-24,sc2010,sc2011,20200824 19:56:47,284.8,299.6,290.8,304.5,282.2,297.2,288.7,302.3,287.4,301.2,286.1,300.9,117425,14547,58746,19562,-8274,-349,-13.600000000000023,-13.800000000000011
2020,2020-08-25,sc2010,sc2011,20200825 19:56:47,290,302.9,295,308.1,288.7,302.5,293.3,306.9,290.9,304.4,287.4,301.2,79578,11734,55216,20068,-3530,506,-13.599999999999966,-13.5
2020,2020-08-26,sc2010,sc2011,20200826 19:56:46,295.8,308,296.6,309.6,293.1,306.4,294.4,308.4,294.9,308.2,290.9,304.4,77552,10913,54670,21477,-546,1409,-14.0,-13.300000000000011
2020,2020-08-27,sc2010,sc2011,20200827 19:56:46,294.1,307.5,295.8,309.4,293.3,307.2,294.9,308.5,294.8,308.4,294.9,308.2,49253,7399,52889,21934,-1781,457,-13.600000000000023,-13.599999999999966
2020,2020-08-28,sc2010,sc2011,20200828 19:56:46,294.1,307.7,296.2,309.9,291.4,305.2,293.6,307.4,293.6,307.1,294.8,308.4,75368,12855,52043,22443,-846,509,-13.799999999999955,-13.5
2020,2020-08-31,sc2010,sc2011,20200831 19:56:46,293.6,307.8,299.9,313.3,293.6,307.3,298,312,296.2,310.1,293.6,307.1,74943,14057,52152,23413,109,970,-14.0,-13.900000000000034
2020,2020-09-01,sc2010,sc2011,20200901 19:56:48,297.9,311.7,298.6,312.3,292.2,307,294.8,309,295.5,309.7,296.2,310.1,65373,11377,50094,24237,-2058,824,-14.199999999999989,-14.199999999999989
2020,2020-09-02,sc2010,sc2011,20200902 19:56:46,294,308.9,295.6,309.8,292,306.4,292.7,307.1,293.7,307.9,295.5,309.7,53465,10635,50658,24776,564,539,-14.400000000000034,-14.199999999999989
2020,2020-09-03,sc2010,sc2011,20200903 19:56:48,292.8,306.2,292.9,306.8,284.1,298.6,285.8,300.1,288.2,302.2,293.7,307.9,89085,20311,53164,26746,2506,1970,-14.300000000000011,-14.0
2020,2020-09-04,sc2010,sc2011,20200904 19:56:37,283.8,297,287,301.5,282.3,297,284.4,298.7,284.9,299.1,288.2,302.2,77223,13809,51074,26991,-2090,245,-14.300000000000011,-14.200000000000045
2020,2020-09-07,sc2010,sc2011,20200907 19:56:46,285.2,299.1,285.5,299.7,272.2,287,272.5,287.1,278.6,292.3,284.9,299.1,123291,29764,50044,32588,-1030,5597,-14.600000000000023,-13.699999999999989
2020,2020-09-08,sc2010,sc2011,20200908 19:56:47,272.5,287.2,275.2,289.9,268.1,283.2,269.1,283.7,272.9,287.5,278.6,292.3,68528,24266,45209,36391,-4835,3803,-14.599999999999966,-14.600000000000023
2020,2020-09-09,sc2010,sc2011,20200909 19:56:47,262.9,277.4,263,277.6,251,264.5,251,264.5,252.7,266.8,272.9,287.5,82119,56590,37045,41283,-8164,4892,-13.5,-14.100000000000023
2020,2020-09-10,sc2010,sc2011,20200910 19:56:37,251.2,267.3,253.5,269.4,245.6,261.6,248.2,264,250.1,265.8,252.7,266.8,111942,92575,21330,46540,-15715,5257,-15.800000000000011,-15.700000000000017
2020,2020-09-11,sc2010,sc2011,20200911 19:56:46,246,261.6,250.5,266.5,242.7,259.1,243.3,259.8,247.5,263.1,250.1,265.8,46671,105850,13910,55147,-7420,8607,-16.5,-15.600000000000023
2020,2020-09-14,sc2010,sc2011,20200914 19:56:46,240.4,258,248.6,264.5,240.4,256.8,246.5,262,245.1,261.2,247.5,263.1,2798,101352,12494,54742,-1416,-405,-15.5,-16.099999999999994
2020,2020-09-15,sc2010,sc2011,20200915 19:56:48,246.5,260.1,247.3,262.6,243.5,258.7,245.4,260.7,245.5,261,245.1,261.2,1059,69794,11890,55503,-604,761,-15.299999999999983,-15.5
2021,2020-12-01,sc2110,sc2111,20201201 19:56:56,,,,,,,337.7,352.3,337.7,352.3,337.7,352.3,0,0,3,3,0,0,-14.600000000000023,-14.600000000000023
2021,2020-12-02,sc2110,sc2111,20201202 19:56:58,,,,,,,337.7,350.3,337.7,350.3,337.7,352.3,0,0,3,3,0,0,-12.600000000000023,-12.600000000000023
2021,2020-12-03,sc2110,sc2111,20201203 19:56:56,,,,,,,337.7,350.8,337.7,350.8,337.7,350.3,0,0,3,3,0,0,-13.100000000000023,-13.100000000000023
2021,2020-12-04,sc2110,sc2111,20201204 19:56:57,344.5,348,347.4,348,325.2,348,337.8,348,338.6,348,337.7,350.8,31,1,10,3,7,0,-10.199999999999989,-9.399999999999977
2021,2020-12-07,sc2110,sc2111,20201207 19:56:58,335.5,,346.3,,335.5,,342,348,341.6,348,338.6,348,5,0,14,3,4,0,-6.0,-6.399999999999977
2021,2020-12-08,sc2110,sc2111,20201208 19:56:40,343.2,,343.5,,339.1,,339.1,348,343.1,348,341.6,348,12,0,21,3,7,0,-8.899999999999977,-4.899999999999977
2021,2020-12-09,sc2110,sc2111,20201209 19:56:58,336,,336,,336,,336,348,336,348,343.1,348,1,0,21,3,0,0,-12.0,-12.0
2021,2020-12-10,sc2110,sc2111,20201210 19:56:58,,348,,348,,348,336,348,336,348,336,348,0,1,21,3,0,0,-12.0,-12.0
2021,2020-12-11,sc2110,sc2111,20201211 19:56:58,,352,,352,,349,336,349,336,350.2,336,348,0,4,21,7,0,4,-13.0,-14.199999999999989
2021,2020-12-14,sc2110,sc2111,20201214 19:56:40,,351,,351,,351,338.3,351,338.3,351,336,350.2,0,1,21,7,0,0,-12.699999999999989,-12.699999999999989
2021,2020-12-15,sc2110,sc2111,20201215 19:56:59,345,,345,,338.3,,338.3,351,342.4,351,338.3,351,3,0,23,7,2,0,-12.699999999999989,-8.600000000000023
2021,2020-12-16,sc2110,sc2111,20201216 19:56:40,348,,349,,342,,342,351,346.7,351,342.4,351,5,0,24,7,1,0,-9.0,-4.300000000000011
2021,2020-12-17,sc2110,sc2111,20201217 19:56:57,348.9,,353.9,,343.5,,350,354.9,350.5,354.9,346.7,351,16,0,22,7,-2,0,-4.899999999999977,-4.399999999999977
2021,2020-12-18,sc2110,sc2111,20201218 19:56:58,346.3,,346.3,,345.8,,345.8,354.9,346,354.9,350.5,354.9,2,0,22,7,0,0,-9.099999999999966,-8.899999999999977
2021,2020-12-21,sc2110,sc2111,20201221 19:56:40,351,,356.9,,343.7,,348,354.9,349.4,354.9,346,354.9,23,0,21,7,-1,0,-6.899999999999977,-5.5
2021,2020-12-22,sc2110,sc2111,20201222 19:56:40,344,,347,,337.9,,337.9,347.4,341,347.4,349.4,354.9,6,0,21,7,0,0,-9.5,-6.399999999999977
2021,2020-12-23,sc2110,sc2111,20201223 19:56:39,341.5,339.5,341.5,339.5,333.9,339.5,337,339.5,336.3,339.5,341,347.4,9,2,26,8,5,1,-2.5,-3.1999999999999886
2021,2020-12-24,sc2110,sc2111,20201224 19:56:40,343.9,,344.1,,343.9,,344.1,339.5,344,339.5,336.3,339.5,2,0,26,8,0,0,4.600000000000023,4.5
2021,2020-12-25,sc2110,sc2111,20201225 19:57:00,346,,346,,346,,346,342.7,346,342.7,344,339.5,1,0,25,8,-1,0,3.3000000000000114,3.3000000000000114
2021,2020-12-28,sc2110,sc2111,20201228 19:56:57,345.1,,345.1,,341.5,,341.5,342.7,342.8,342.7,346,342.7,3,0,25,8,0,0,-1.1999999999999886,0.10000000000002274
2021,2020-12-29,sc2110,sc2111,20201229 19:56:38,,,,,,,342.8,342.7,342.8,342.7,342.8,342.7,0,0,25,8,0,0,0.10000000000002274,0.10000000000002274
2021,2020-12-30,sc2110,sc2111,20201230 19:56:55,338.3,342,338.3,342,338.3,342,338.3,342,338.3,342,342.8,342.7,1,1,25,9,0,1,-3.6999999999999886,-3.6999999999999886
2021,2020-12-31,sc2110,sc2111,20201231 19:56:39,341.3,,341.3,,341.3,,341.3,342.5,341.3,342.5,338.3,342,1,0,25,9,0,0,-1.1999999999999886,-1.1999999999999886
2021,2021-01-04,sc2110,sc2111,20210104 19:56:55,344,351.5,351.3,351.5,344,351.5,348.5,351.5,348,351.5,341.3,342.5,4,1,27,9,2,0,-3.0,-3.5
2021,2021-01-05,sc2110,sc2111,20210105 19:56:55,342,,344,,340.9,,343.5,351.5,342.1,351.5,348,351.5,7,0,26,9,-1,0,-8.0,-9.399999999999977
2021,2021-01-06,sc2110,sc2111,20210106 19:56:56,,,,,,,345,351.5,345,351.5,342.1,351.5,0,0,26,9,0,0,-6.5,-6.5
2021,2021-01-07,sc2110,sc2111,20210107 19:56:58,345.3,,347.6,,345.3,,347.3,353.2,346.7,353.2,345,351.5,3,0,25,9,-1,0,-5.899999999999977,-6.5
2021,2021-01-08,sc2110,sc2111,20210108 19:56:56,,344,,356.8,,344,347.4,356.1,347.4,350.8,346.7,353.2,0,13,25,8,0,-1,-8.700000000000045,-3.400000000000034
2021,2021-01-11,sc2110,sc2111,20210111 19:56:57,,,,,,,347.4,353.5,347.4,353.5,347.4,350.8,0,0,25,8,0,0,-6.100000000000023,-6.100000000000023
2021,2021-01-12,sc2110,sc2111,20210112 19:56:57,351.3,,351.3,,351.3,,351.3,357.4,351.3,357.4,347.4,353.5,2,0,23,8,-2,0,-6.099999999999966,-6.099999999999966
2021,2021-01-13,sc2110,sc2111,20210113 19:56:59,,,,,,,355.1,357.4,355.1,357.4,351.3,357.4,0,0,23,8,0,0,-2.2999999999999545,-2.2999999999999545
2021,2021-01-14,sc2110,sc2111,20210114 19:56:40,,,,,,,355.1,357.4,355.1,357.4,355.1,357.4,0,0,23,8,0,0,-2.2999999999999545,-2.2999999999999545
2021,2021-01-15,sc2110,sc2111,20210115 19:56:58,355,,355,,355,,355,357.4,355,357.4,355.1,357.4,2,0,22,8,-1,0,-2.3999999999999773,-2.3999999999999773
2021,2021-01-18,sc2110,sc2111,20210118 19:56:40,,,,,,,352.9,355.3,352.9,355.3,355,357.4,0,0,22,8,0,0,-2.400000000000034,-2.400000000000034
2021,2021-01-19,sc2110,sc2111,20210119 19:56:57,,,,,,,352.9,355.4,352.9,355.4,352.9,355.3,0,0,22,8,0,0,-2.5,-2.5
2021,2021-01-20,sc2110,sc2111,20210120 19:57:00,,,,,,,356,358.6,356,358.6,352.9,355.4,0,0,22,8,0,0,-2.6000000000000227,-2.6000000000000227
2021,2021-01-21,sc2110,sc2111,20210121 19:56:58,,,,,,,352.9,355.4,352.9,355.4,356,358.6,0,0,22,8,0,0,-2.5,-2.5
2021,2021-01-22,sc2110,sc2111,20210122 19:56:40,,,,,,,352.9,353.8,352.9,353.8,352.9,355.4,0,0,22,8,0,0,-0.9000000000000341,-0.9000000000000341
2021,2021-01-25,sc2110,sc2111,20210125 19:56:56,,,,,,,352.9,349.1,352.9,349.1,352.9,353.8,0,0,22,8,0,0,3.7999999999999545,3.7999999999999545
2021,2021-01-26,sc2110,sc2111,20210126 19:56:53,352.8,,352.8,,352.8,,352.8,349.1,352.8,349.1,352.9,349.1,1,0,22,8,0,0,3.6999999999999886,3.6999999999999886
2021,2021-01-27,sc2110,sc2111,20210127 19:56:52,,,,,,,352.8,351.6,352.8,351.6,352.8,349.1,0,0,22,8,0,0,1.1999999999999886,1.1999999999999886
2021,2021-01-28,sc2110,sc2111,20210128 19:56:38,349,349.3,349,349.3,349,349.3,349,349.3,349,349.3,352.8,351.6,1,1,22,9,0,1,-0.30000000000001137,-0.30000000000001137
2021,2021-01-29,sc2110,sc2111,20210129 19:56:53,348.3,,348.3,,348.3,,348.3,350,348.3,350,349,349.3,1,0,23,9,1,0,-1.6999999999999886,-1.6999999999999886
2021,2021-02-01,sc2110,sc2111,20210201 19:56:55,351.5,,351.5,,351.5,,351.5,350,351.5,350,348.3,350,1,0,23,9,0,0,1.5,1.5
2021,2021-02-02,sc2110,sc2111,20210202 19:56:55,,,,,,,353.6,354.1,353.6,354.1,351.5,350,0,0,23,9,0,0,-0.5,-0.5
2021,2021-02-03,sc2110,sc2111,20210203 19:56:38,,,,,,,353.7,355.2,353.7,355.2,353.6,354.1,0,0,23,9,0,0,-1.5,-1.5
2021,2021-02-04,sc2110,sc2111,20210204 19:56:54,,,,,,,368.1,363.7,368.1,363.7,353.7,355.2,0,0,23,9,0,0,4.400000000000034,4.400000000000034
2021,2021-02-05,sc2110,sc2111,20210205 19:56:38,378.8,,378.8,,378.8,,378.8,363.7,378.8,363.7,368.1,363.7,2,0,22,9,-1,0,15.100000000000023,15.100000000000023
2021,2021-02-08,sc2110,sc2111,20210208 19:56:54,377.2,,377.2,,377.2,,377.2,362.1,377.2,362.1,378.8,363.7,1,0,22,9,0,0,15.099999999999966,15.099999999999966
2021,2021-02-09,sc2110,sc2111,20210209 19:56:56,387.4,,387.4,,387,,387,371.6,387.1,371.6,377.2,362.1,3,0,23,9,1,0,15.399999999999977,15.5
2021,2021-02-10,sc2110,sc2111,20210210 19:56:57,,,,,,,385.7,370.4,385.7,370.4,387.1,371.6,0,0,23,9,0,0,15.300000000000011,15.300000000000011
2021,2021-02-18,sc2110,sc2111,20210218 19:56:56,414.1,,414.1,,405,,405,393.3,409.5,393.3,385.7,370.4,2,0,24,9,1,0,11.699999999999989,16.19999999999999
2021,2021-02-19,sc2110,sc2111,20210219 19:56:39,403,399,403,400.7,389.2,390.3,391.1,390.3,393.8,398.2,409.5,393.3,8,7,29,10,5,1,0.8000000000000114,-4.399999999999977
2021,2021-02-22,sc2110,sc2111,20210222 19:56:39,,,,,,,393.8,398,393.8,398,393.8,398.2,0,0,29,10,0,0,-4.199999999999989,-4.199999999999989
2021,2021-02-23,sc2110,sc2111,20210223 19:56:49,415,408,415,409.9,415,408,415,409.9,415,408.9,393.8,398,1,2,30,11,1,1,5.100000000000023,6.100000000000023
2021,2021-02-24,sc2110,sc2111,20210224 19:56:38,411.8,,411.8,,405.8,,408.1,408.9,408.1,408.9,415,408.9,31,0,41,11,11,0,-0.7999999999999545,-0.7999999999999545
2021,2021-02-25,sc2110,sc2111,20210225 19:56:38,417.4,416,424.9,426.7,406.7,415.6,421.3,415.6,420.9,418.4,408.1,408.9,317,4,81,10,40,-1,5.699999999999989,2.5
2021,2021-02-26,sc2110,sc2111,20210226 19:56:51,421.1,414.7,421.7,421.3,415.2,414.7,415.4,420,418.5,418.6,420.9,418.4,806,3,149,10,68,0,-4.600000000000023,-0.10000000000002274
2021,2021-03-01,sc2110,sc2111,20210301 19:56:39,402.5,417.5,420.6,417.5,402.5,415,416.7,415,416.3,416.2,418.5,418.6,73,2,161,9,12,-1,1.6999999999999886,0.10000000000002274
2021,2021-03-02,sc2110,sc2111,20210302 19:56:57,416.7,,416.7,,392.7,,402,405.9,406.6,405.9,416.3,416.2,126,0,150,9,-11,0,-3.8999999999999773,0.7000000000000455
2021,2021-03-03,sc2110,sc2111,20210303 19:56:57,406,406.4,408.5,406.4,390.9,406.4,404.5,406.4,404.9,406.4,406.6,405.9,610,1,211,9,61,0,-1.8999999999999773,-1.5
2021,2021-03-04,sc2110,sc2111,20210304 19:56:57,406.4,,414.8,,405,,413,406.4,409.1,406.4,404.9,406.4,478,0,251,9,40,0,6.600000000000023,2.7000000000000455
2021,2021-03-05,sc2110,sc2111,20210305 19:56:56,411.1,421.3,433.9,431.3,409.6,421.3,433.9,431.3,423.2,425.4,409.1,406.4,512,4,292,12,41,3,2.599999999999966,-2.1999999999999886
2021,2021-03-08,sc2110,sc2111,20210308 19:56:56,433.9,428.3,451.1,449,433.5,428.3,446.2,448.9,445.6,440.1,423.2,425.4,448,7,299,11,7,-1,-2.6999999999999886,5.5
2021,2021-03-09,sc2110,sc2111,20210309 19:56:39,434.5,,438.8,,432.5,,435.5,435,436.1,435,445.6,440.1,105,0,304,11,5,0,0.5,1.1000000000000227
2021,2021-03-10,sc2110,sc2111,20210310 19:56:55,434.1,432.5,437.2,432.5,421.4,429.6,424.2,429.6,430.2,431.7,436.1,435,129,4,290,10,-14,-1,-5.400000000000034,-1.5
2021,2021-03-11,sc2110,sc2111,20210311 19:56:39,428,423.3,431.5,423.3,423.7,423.3,428.6,423.3,428.7,423.3,430.2,431.7,65,1,295,10,5,0,5.300000000000011,5.399999999999977
2021,2021-03-12,sc2110,sc2111,20210312 19:56:57,434.4,,436.1,,431,,431,423.3,433.6,423.3,428.7,423.3,76,0,289,10,-6,0,7.699999999999989,10.300000000000011
2021,2021-03-15,sc2110,sc2111,20210315 19:56:57,431,,438.8,,429.6,,434.1,431.6,434.6,431.6,433.6,423.3,68,0,279,10,-10,0,2.5,3.0
2021,2021-03-16,sc2110,sc2111,20210316 19:56:40,427.9,426,427.9,426,423.5,426,423.6,426,425.4,426,434.6,431.6,83,1,281,9,2,-1,-2.3999999999999773,-0.6000000000000227
2021,2021-03-17,sc2110,sc2111,20210317 19:56:39,420.6,,426.9,,419.1,,424.3,426,423.2,426,425.4,426,117,0,308,9,27,0,-1.6999999999999886,-2.8000000000000114
2021,2021-03-18,sc2110,sc2111,20210318 19:56:57,420.7,418.6,420.8,418.6,415,418.3,418.3,418.3,418,418.4,423.2,426,98,4,317,9,9,0,0.0,-0.39999999999997726
2021,2021-03-19,sc2110,sc2111,20210319 19:56:58,414,412.3,414.2,412.3,385.3,399.6,387.5,399.6,400.6,405.9,418,418.4,173,2,342,8,25,-1,-12.100000000000023,-5.2999999999999545
2021,2021-03-22,sc2110,sc2111,20210322 19:56:58,385.6,,402.3,,385.6,,399.7,405.9,393.9,405.9,400.6,405.9,150,0,399,8,57,0,-6.199999999999989,-12.0
2021,2021-03-23,sc2110,sc2111,20210323 19:56:56,401,,403.9,,398.5,,399.2,405.9,402.1,405.9,393.9,405.9,33,0,407,8,8,0,-6.699999999999989,-3.7999999999999545
2021,2021-03-24,sc2110,sc2111,20210324 19:56:40,387.5,,395.8,,384.3,,389.8,396.4,389.9,396.4,402.1,405.9,94,0,417,8,10,0,-6.599999999999966,-6.5
2021,2021-03-25,sc2110,sc2111,20210325 19:56:39,395.5,,403.6,,390.2,,394.5,396.4,397,396.4,389.9,396.4,107,0,400,8,-17,0,-1.8999999999999773,0.6000000000000227
2021,2021-03-26,sc2110,sc2111,20210326 19:56:55,387.3,394,400.4,394,387.3,394,396.1,394,392.4,394,397,396.4,159,3,420,10,20,2,2.1000000000000227,-1.6000000000000227
2021,2021-03-29,sc2110,sc2111,20210329 19:56:53,399.1,,405.5,,397.9,,399.5,394,402,394,392.4,394,103,0,407,10,-13,0,5.5,8.0
2021,2021-03-30,sc2110,sc2111,20210330 19:56:38,401.7,411,409.4,411,401.1,411,407.1,411,405.8,411,402,394,143,1,422,10,15,0,-3.8999999999999773,-5.199999999999989
2021,2021-03-31,sc2110,sc2111,20210331 19:56:54,401.6,,408.4,,401.6,,408,409,404.8,409,405.8,411,76,0,422,10,0,0,-1.0,-4.199999999999989
2021,2021-04-01,sc2110,sc2111,20210401 19:56:56,404.2,,407.8,,394,,402.8,405.5,401.1,405.5,404.8,409,135,0,413,10,-9,0,-2.6999999999999886,-4.399999999999977
2021,2021-04-02,sc2110,sc2111,20210402 19:56:39,403.5,,417.3,,399,,416.8,410.2,405.8,410.2,401.1,405.5,170,0,427,10,14,0,6.600000000000023,-4.399999999999977
2021,2021-04-06,sc2110,sc2111,20210406 19:56:55,401.9,,402.2,,397.8,,400.7,404.4,400,404.4,405.8,410.2,143,0,398,10,-29,0,-3.6999999999999886,-4.399999999999977
2021,2021-04-07,sc2110,sc2111,20210407 19:56:38,402,,404.1,,396.9,,398.7,404.4,401.3,404.4,400,404.4,82,0,387,10,-11,0,-5.699999999999989,-3.099999999999966
2021,2021-04-08,sc2110,sc2111,20210408 19:56:54,398.5,,399.7,,394.1,,396.1,398,396.5,398,401.3,404.4,94,0,384,10,-3,0,-1.8999999999999773,-1.5
2021,2021-04-09,sc2110,sc2111,20210409 19:56:53,395.6,,399.6,,394.9,,397.2,398,396.9,398,396.5,398,77,0,390,10,6,0,-0.8000000000000114,-1.1000000000000227
2021,2021-04-12,sc2110,sc2111,20210412 19:56:54,395.5,,398.8,,391.6,,393.3,396,395.9,396,396.9,398,143,0,393,10,3,0,-2.6999999999999886,-0.10000000000002274
2021,2021-04-13,sc2110,sc2111,20210413 19:56:54,393.3,,400.5,,393.3,,398.6,396,395.6,396,395.9,396,127,0,373,10,-20,0,2.6000000000000227,-0.39999999999997726
2021,2021-04-14,sc2110,sc2111,20210414 19:56:56,401,,403.9,,397.1,,403.9,396.8,400,396.8,395.6,396,64,0,379,10,6,0,7.099999999999966,3.1999999999999886
2021,2021-04-15,sc2110,sc2111,20210415 19:56:56,403.9,411.3,418.1,416.9,403.9,411.3,417.7,414.7,413,414.3,400,396.8,185,3,375,10,-4,0,3.0,-1.3000000000000114
2021,2021-04-16,sc2110,sc2111,20210416 19:56:54,417.7,417,422.7,417,415.6,417,416.6,417,418.2,417,413,414.3,422,1,448,11,73,1,-0.39999999999997726,1.1999999999999886
2021,2021-04-19,sc2110,sc2111,20210419 19:56:38,416.6,416.9,416.7,416.9,411.6,416.9,414.1,416.9,414.2,416.9,418.2,417,148,2,471,13,23,2,-2.7999999999999545,-2.6999999999999886
2021,2021-04-20,sc2110,sc2111,20210420 19:56:55,415.6,421.2,418,421.4,412.7,412,415.7,417.6,415.5,418,414.2,416.9,594,8,633,15,162,2,-1.900000000000034,-2.5
2021,2021-04-21,sc2110,sc2111,20210421 19:56:59,414.9,,415.7,,404.7,,406.7,411.5,409,411.5,415.5,418,320,0,667,15,34,0,-4.800000000000011,-2.5
2021,2021-04-22,sc2110,sc2111,20210422 19:56:56,396.6,406.5,406.2,406.5,395.9,397.8,399.6,397.8,400.9,400.9,409,411.5,202,3,659,16,-8,1,1.8000000000000114,0.0
2021,2021-04-23,sc2110,sc2111,20210423 19:56:57,402.1,,404,,398.5,,404,400.9,401.3,400.9,400.9,400.9,67,0,643,16,-16,0,3.1000000000000227,0.4000000000000341
2021,2021-04-26,sc2110,sc2111,20210426 19:56:57,401.7,407.5,407,409.1,399.7,401.7,400.4,402.4,404.9,405.9,401.3,400.9,245,281,707,91,64,75,-2.0,-1.0
2021,2021-04-27,sc2110,sc2111,20210427 19:56:54,397.6,402,407.9,408.6,397.6,400.1,406.5,408.4,404.1,405,404.9,405.9,110,54,730,107,23,16,-1.8999999999999773,-0.8999999999999773
2021,2021-04-28,sc2110,sc2111,20210428 19:56:50,405.3,406.7,410.7,412.2,405,406.6,410.1,410.8,408.1,408.9,404.1,405,149,76,742,127,12,20,-0.6999999999999886,-0.7999999999999545
2021,2021-04-29,sc2110,sc2111,20210429 19:56:50,411.3,413.9,416.3,417.9,411.3,412,414.9,415.6,414.3,416,408.1,408.9,183,85,782,147,40,20,-0.7000000000000455,-1.6999999999999886
2021,2021-04-30,sc2110,sc2111,20210430 19:56:53,421.7,416.5,421.7,419.3,411.3,412.8,416.3,417,415.2,416.5,414.3,416,268,78,776,174,-6,27,-0.6999999999999886,-1.3000000000000114
2021,2021-05-06,sc2110,sc2111,20210506 19:56:57,420.3,424.8,427.5,427.6,418.8,424.5,425.1,425.4,425.2,426.3,415.2,416.5,107,68,756,148,-20,-26,-0.2999999999999545,-1.1000000000000227
2021,2021-05-07,sc2110,sc2111,20210507 19:56:39,425.3,421,425.3,424.7,418.9,419.3,424.5,424.5,421.9,422.5,425.2,426.3,149,88,748,151,-8,3,0.0,-0.6000000000000227
2021,2021-05-10,sc2110,sc2111,20210510 19:56:56,419.9,428.8,428.7,429.4,418.2,422,426,425.5,424.6,426.6,421.9,422.5,301,119,720,135,-28,-16,0.5,-2.0
2021,2021-05-11,sc2110,sc2111,20210511 19:56:57,424.3,424.8,424.8,424.9,416.8,416.9,420.3,421.8,419.8,420.3,424.6,426.6,278,181,760,153,40,18,-1.5,-0.5
2021,2021-05-12,sc2110,sc2111,20210512 19:57:00,416.4,421.6,428,428.2,416.4,420.2,428,428.2,424.2,423.9,419.8,420.3,202,65,782,158,22,5,-0.19999999999998863,0.30000000000001137
2021,2021-05-13,sc2110,sc2111,20210513 19:57:01,428,423.1,435.6,434.7,423.7,423.1,424.9,424.1,430.1,429,424.2,423.9,330,154,802,197,20,39,0.7999999999999545,1.1000000000000227
2021,2021-05-14,sc2110,sc2111,20210514 19:56:59,420.5,424.1,423.3,424.1,411.5,412.1,414.4,414.7,419,418.5,430.1,429,244,188,849,228,47,31,-0.30000000000001137,0.5
2021,2021-05-17,sc2110,sc2111,20210517 19:56:56,419.4,420.7,428,428,419.4,420.7,423.9,423.9,423.4,423.5,419,418.5,264,185,854,275,5,47,0.0,-0.10000000000002274
2021,2021-05-18,sc2110,sc2111,20210518 19:56:39,423.9,426.6,434.5,433.2,423.9,426.6,433.1,432.8,430.7,430.2,423.4,423.5,280,81,855,284,1,9,0.30000000000001137,0.5
2021,2021-05-19,sc2110,sc2111,20210519 19:56:54,432,430.8,432.9,430.8,417.5,419.2,419.9,420.6,423.9,424.8,430.7,430.2,588,165,862,340,7,56,-0.7000000000000455,-0.9000000000000341
2021,2021-05-20,sc2110,sc2111,20210520 19:56:52,416.1,415.1,417.7,418.2,407,408.4,415.3,415.7,413.4,414.8,423.9,424.8,1851,231,1140,339,278,-1,-0.39999999999997726,-1.400000000000034
2021,2021-05-21,sc2110,sc2111,20210521 19:56:53,412.5,413.5,413.6,414.2,403.9,405.3,405.8,405.9,409.1,410,413.4,414.8,1359,124,1255,343,115,4,-0.0999999999999659,-0.8999999999999773
2021,2021-05-24,sc2110,sc2111,20210524 19:56:54,410.1,407.3,416.1,415.6,409.9,407.3,415.3,415.1,412.7,412.6,409.1,410,1237,217,1070,320,-185,-23,0.19999999999998863,0.0999999999999659
2021,2021-05-25,sc2110,sc2111,20210525 19:56:52,416.2,418,424.2,423.9,415.6,417,421.5,422.3,419.4,420.7,412.7,412.6,691,142,1162,323,92,3,-0.8000000000000114,-1.3000000000000114
2021,2021-05-26,sc2110,sc2111,20210526 19:56:49,421.4,421.7,423.9,422.7,420.1,420,423.1,422,421.9,421,419.4,420.7,2160,112,1898,330,736,7,1.1000000000000227,0.8999999999999773
2021,2021-05-27,sc2110,sc2111,20210527 19:56:48,419.6,417.6,421.9,420.3,415.9,415.6,416.4,415.9,418.9,417.9,421.9,421,3072,102,3120,328,1222,-2,0.5,1.0
2021,2021-05-28,sc2110,sc2111,20210528 19:56:37,416.4,418.9,427.1,426,416.4,418.8,422.2,420,422.1,422.8,418.9,417.9,2390,132,3725,328,605,0,2.1999999999999886,-0.6999999999999886
2021,2021-05-31,sc2110,sc2111,20210531 19:56:38,426.4,424.4,427.8,424.6,419.5,419.7,424.1,422.4,423.3,422.2,422.1,422.8,2183,134,4127,316,402,-12,1.7000000000000455,1.1000000000000227
2021,2021-06-01,sc2110,sc2111,20210601 19:56:49,426.5,425,441.8,440,423.3,422.8,433.5,430.6,430.2,428.4,423.3,422.2,1785,296,4250,342,123,26,2.8999999999999773,1.8000000000000114
2021,2021-06-02,sc2110,sc2111,20210602 19:56:50,436,437,440,437.2,429.4,429,433.3,431.2,434.3,432.5,430.2,428.4,2292,199,4315,371,65,29,2.1000000000000227,1.8000000000000114
2021,2021-06-03,sc2110,sc2111,20210603 19:56:50,436.6,431.2,443.9,440.8,433.6,431.2,442.3,439.4,437.7,435.8,434.3,432.5,1743,111,4404,398,89,27,2.900000000000034,1.8999999999999773
2021,2021-06-04,sc2110,sc2111,20210604 19:56:49,439.5,434.5,440.1,437.4,432.2,430.5,438.9,437.3,437.2,435.3,437.7,435.8,2850,108,4591,416,187,18,1.599999999999966,1.8999999999999773
2021,2021-06-07,sc2110,sc2111,20210607 19:56:49,440.5,440,444.8,442.4,434.4,433.2,437,434.6,440.4,437.5,437.2,435.3,3272,126,4713,413,122,-3,2.3999999999999773,2.8999999999999773
2021,2021-06-08,sc2110,sc2111,20210608 19:56:38,438.4,435.2,441.1,439.4,432.7,431.3,435.8,433.7,437.9,436.1,440.4,437.5,2212,117,4672,419,-41,6,2.1000000000000227,1.7999999999999545
2021,2021-06-09,sc2110,sc2111,20210609 19:56:30,435.5,435,446,443,435,432.9,445.2,442.1,441.3,439.5,437.9,436.1,2158,118,4999,435,327,16,3.099999999999966,1.8000000000000114
2021,2021-06-10,sc2110,sc2111,20210610 19:56:30,444.6,443,445,443,435.9,434,438.9,437,441.4,438.5,441.3,439.5,2708,157,5085,435,86,0,1.8999999999999773,2.8999999999999773
2021,2021-06-11,sc2110,sc2111,20210611 19:56:31,441.9,437.7,445.8,442.6,432.8,430.9,443.3,440.1,441.2,438.4,441.4,438.5,3997,290,5400,385,315,-50,3.1999999999999886,2.8000000000000114
2021,2021-06-15,sc2110,sc2111,20210615 19:56:30,446.5,446.2,450.2,447,443,441.2,447.4,444.3,446.7,444,441.2,438.4,3587,134,5927,413,527,28,3.099999999999966,2.6999999999999886
2021,2021-06-16,sc2110,sc2111,20210616 19:56:30,452.4,448,458.7,454.4,449.3,446.9,456.7,452.3,453.7,450.8,446.7,444,5545,170,7679,485,1752,72,4.399999999999977,2.8999999999999773
2021,2021-06-17,sc2110,sc2111,20210617 19:56:31,455.3,450.7,458.1,454,450.6,447.3,453.6,450.9,454.2,450.2,453.7,450.8,4296,137,8091,481,412,-4,2.7000000000000455,4.0
2021,2021-06-18,sc2110,sc2111,20210618 19:56:30,452.6,450.9,456.5,452.5,439,437.3,439,438.3,447.6,444.2,454.2,450.2,5908,378,8032,492,-59,11,0.6999999999999886,3.400000000000034
2021,2021-06-21,sc2110,sc2111,20210621 19:56:31,438.5,436,452.8,449.5,438.4,436,448.1,444.7,448.4,443.9,447.6,444.2,4772,452,8471,486,439,-6,3.400000000000034,4.5
2021,2021-06-22,sc2110,sc2111,20210622 19:56:30,445.9,444.2,457,453.6,442.3,439.9,456.6,453.3,451.3,447.2,448.4,443.9,5666,600,8087,595,-384,109,3.3000000000000114,4.100000000000023
2021,2021-06-23,sc2110,sc2111,20210623 19:56:30,455.3,451.5,461.5,457.8,452.6,449.5,460.5,457.3,457.4,453.2,451.3,447.2,5527,748,8470,711,383,116,3.1999999999999886,4.199999999999989
2021,2021-06-24,sc2110,sc2111,20210624 19:56:31,461.6,458.2,463.8,459.9,456.8,453.8,459.8,456.1,460.8,457.3,457.4,453.2,4751,496,8677,718,207,7,3.6999999999999886,3.5
2021,2021-06-25,sc2110,sc2111,20210625 19:56:30,454.4,452.2,465.3,461.6,454.4,452.2,461.1,457.5,461,457.1,460.8,457.3,5689,546,9002,848,325,130,3.6000000000000227,3.8999999999999773
2021,2021-06-28,sc2110,sc2111,20210628 19:56:30,462.7,458.3,467.9,464.2,455.5,452.4,461.4,458.8,461.9,459.1,461,457.1,6846,2246,8961,1769,-41,921,2.599999999999966,2.7999999999999545
2021,2021-06-29,sc2110,sc2111,20210629 19:56:30,461.9,458.8,463.2,460.4,454,451.8,455.3,453.4,458,455.6,461.9,459.1,6299,1818,9555,2308,594,539,1.900000000000034,2.3999999999999773
2021,2021-06-30,sc2110,sc2111,20210630 19:56:30,459.1,456.3,460.9,458.7,457.3,454.5,458.6,456.9,459,456.8,458,455.6,4161,1781,9498,2993,-57,685,1.7000000000000455,2.1999999999999886
2021,2021-07-01,sc2110,sc2111,20210701 19:56:30,462.2,459.8,465,462.9,455.6,454.2,461.8,460.2,460.8,458.4,459,456.8,7576,2520,9834,3760,336,767,1.6000000000000227,2.400000000000034
2021,2021-07-02,sc2110,sc2111,20210702 19:56:31,470.8,468.7,473.3,471.3,465.6,464.4,470.4,469.3,470.2,467.7,460.8,458.4,10099,2414,11117,4628,1283,868,1.099999999999966,2.5
2021,2021-07-05,sc2110,sc2111,20210705 19:56:30,472.2,471.5,474.4,472.9,467.4,466,474,472.6,470.7,468.5,470.2,467.7,7077,1753,11597,5290,480,662,1.3999999999999773,2.1999999999999886
2021,2021-07-06,sc2110,sc2111,20210706 19:56:31,474,472.4,481.2,479.6,469.8,468.8,478.2,475.8,475,473.6,470.7,468.5,6674,1216,12053,5218,456,-72,2.3999999999999773,1.3999999999999773
2021,2021-07-07,sc2110,sc2111,20210707 19:56:30,472.2,472,472.6,472,454,453.6,457,456.4,462.9,462.6,475,473.6,17172,1730,12797,5879,744,661,0.6000000000000227,0.2999999999999545
2021,2021-07-08,sc2110,sc2111,20210708 19:56:30,457.2,458.2,459.7,459.7,443.1,442.2,444.2,443.2,449.7,446.9,462.9,462.6,13678,1920,12982,6286,185,407,1.0,2.8000000000000114
2021,2021-07-09,sc2110,sc2111,20210709 19:56:31,445.1,443.3,452.1,450.4,442.3,441.6,450.4,449.2,446.7,446.2,449.7,446.9,10896,2086,13967,7053,985,767,1.1999999999999886,0.5
2021,2021-07-12,sc2110,sc2111,20210712 19:56:30,453,451.5,458.1,456.3,450.8,449.4,452,450.7,455.1,454.1,446.7,446.2,8184,1186,14059,7324,92,271,1.3000000000000114,1.0
2021,2021-07-13,sc2110,sc2111,20210713 19:56:30,449.5,445,459,456.7,447.9,445,457.9,455.9,453.6,451.8,455.1,454.1,9075,2285,13443,7505,-616,181,2.0,1.8000000000000114
2021,2021-07-14,sc2110,sc2111,20210714 19:56:30,455.6,454,466.2,463.7,454.8,452.4,464.9,462.6,461.1,458.4,453.6,451.8,7951,1888,13861,7896,418,391,2.2999999999999545,2.7000000000000455
2021,2021-07-15,sc2110,sc2111,20210715 19:56:30,465.8,462.6,465.8,463.5,444,442.7,444.7,443.1,453.5,452.9,461.1,458.4,15901,4303,15774,8616,1913,720,1.599999999999966,0.6000000000000227
2021,2021-07-16,sc2110,sc2111,20210716 19:56:31,442.3,443.1,449.7,448.3,439.1,439.1,440.2,439.9,444,443.5,453.5,452.9,12126,3843,16864,9173,1090,557,0.30000000000001137,0.5
2021,2021-07-19,sc2110,sc2111,20210719 19:56:30,446.6,442.6,446.6,444.4,433.3,434.2,437.6,438.5,439.3,439.6,444,443.5,15346,4846,17536,9301,672,128,-0.8999999999999773,-0.30000000000001137
2021,2021-07-20,sc2110,sc2111,20210720 19:56:30,429.2,430,429.2,430,412.6,413.4,417.2,418.3,420,420,439.3,439.6,22121,6925,18592,9558,1056,257,-1.1000000000000227,0.0
2021,2021-07-21,sc2110,sc2111,20210721 19:56:30,409.6,410.8,420.4,420.8,409.6,410.8,415.8,416,415.5,416.2,420,420,18691,4742,18873,9777,281,219,-0.19999999999998863,-0.6999999999999886
2021,2021-07-22,sc2110,sc2111,20210722 19:56:30,423.8,423.5,429.5,430.1,421,421.6,428.1,428.8,426.1,426.3,415.5,416.2,16122,4688,18332,9968,-541,191,-0.6999999999999886,-0.19999999999998863
2021,2021-07-23,sc2110,sc2111,20210723 19:56:31,428.6,429,443.2,443.8,428.6,428.9,441,442.4,437.5,438.7,426.1,426.3,31384,8498,20011,10248,1679,280,-1.3999999999999773,-1.1999999999999886
2021,2021-07-26,sc2110,sc2111,20210726 19:56:30,440.6,442.9,447.7,448,439.6,440.3,442.3,442,443.3,444,437.5,438.7,27883,5975,20592,10540,581,292,0.30000000000001137,-0.6999999999999886
2021,2021-07-27,sc2110,sc2111,20210727 19:56:30,446.5,446,454.2,453.6,445.6,445.2,448.3,447.9,450.1,449.4,443.3,444,26890,7303,20117,10954,-475,414,0.4000000000000341,0.7000000000000455
2021,2021-07-28,sc2110,sc2111,20210728 19:56:30,450,449.2,455.7,454.6,446,445.7,452.5,451.2,451,450.3,450.1,449.4,23575,4860,20583,11023,466,69,1.3000000000000114,0.6999999999999886
2021,2021-07-29,sc2110,sc2111,20210729 19:56:30,453.8,453,455.4,454.9,450.2,449.4,454.6,454.2,452.9,452,451,450.3,15569,3521,21452,11146,869,123,0.4000000000000341,0.8999999999999773
2021,2021-07-30,sc2110,sc2111,20210730 19:56:30,454.4,453.6,459.8,459.1,452.6,452.7,455.1,454.9,455.7,455.4,452.9,452,18210,3101,22411,11004,959,-142,0.20000000000004547,0.30000000000001137
2021,2021-08-02,sc2110,sc2111,20210802 19:56:30,457,456.6,462.1,461.1,446.2,445.7,451.7,451.7,453.7,453.6,455.7,455.4,27393,6507,22878,11924,467,920,0.0,0.0999999999999659
2021,2021-08-03,sc2110,sc2111,20210803 19:56:30,450.1,451,454.1,453.8,437.5,437.7,437.9,438.3,443.9,443.5,453.7,453.6,29075,8503,24684,12593,1806,669,-0.4000000000000341,0.39999999999997726
2021,2021-08-04,sc2110,sc2111,20210804 19:56:30,430,432.5,439,439.8,427.8,428.1,438.2,438.5,434.7,435.2,443.9,443.5,34780,7571,25273,12673,589,80,-0.30000000000001137,-0.5
2021,2021-08-05,sc2110,sc2111,20210805 19:56:31,431.3,432,435.3,435.9,422.4,423.9,423.7,424.9,430.4,431.7,434.7,435.2,37490,7723,27051,13313,1778,640,-1.1999999999999886,-1.3000000000000114
2021,2021-08-06,sc2110,sc2111,20210806 19:56:30,426,427.6,437.9,438.5,424.6,425.7,435.1,436.9,430.9,430.4,430.4,431.7,31214,5992,26531,14069,-520,756,-1.7999999999999545,0.5
2021,2021-08-09,sc2110,sc2111,20210809 19:56:30,437.3,438.8,441,441.3,417.9,418.9,419.9,421.1,426.9,428.8,430.9,430.4,49480,8408,30120,13775,3589,-294,-1.2000000000000455,-1.900000000000034
2021,2021-08-10,sc2110,sc2111,20210810 19:56:30,415.8,418.8,427,427.3,415.5,416.3,426.5,426.8,420.3,420.9,426.9,428.8,45639,8705,31707,14490,1587,715,-0.30000000000001137,-0.5999999999999659
2021,2021-08-11,sc2110,sc2111,20210811 19:56:31,425.3,425,434.6,435,424,424.3,434.6,434.9,430.5,431,420.3,420.9,51330,9751,30635,15815,-1072,1325,-0.2999999999999545,-0.5
2021,2021-08-12,sc2110,sc2111,20210812 19:56:30,427.5,428.7,436.6,436.5,424.1,424,432,431.8,429.8,429.5,430.5,431,57430,8571,30653,15642,18,-173,0.19999999999998863,0.30000000000001137
2021,2021-08-13,sc2110,sc2111,20210813 19:56:31,431.1,431.4,435.5,435.4,426.7,427.3,430,430.7,431.9,432,429.8,429.5,56224,4895,32525,15792,1872,150,-0.6999999999999886,-0.10000000000002274
2021,2021-08-16,sc2110,sc2111,20210816 19:56:31,432.5,432.2,435.7,435.9,422.7,423.4,424.3,424.8,429.3,429.2,431.9,432,63899,6824,35512,15503,2987,-289,-0.5,0.10000000000002274
2021,2021-08-17,sc2110,sc2111,20210817 19:56:30,420.1,418.4,426.4,426.5,416.8,417.3,419.9,420.3,421.9,422.1,429.3,429.2,83266,8654,36138,16082,626,579,-0.4000000000000341,-0.20000000000004547
2021,2021-08-18,sc2110,sc2111,20210818 19:56:30,420.9,420.6,426,425.9,416.6,417.1,422.5,422.7,421.6,421.3,421.9,422.1,113908,12423,38394,15079,2256,-1003,-0.19999999999998863,0.30000000000001137
2021,2021-08-19,sc2110,sc2111,20210819 19:56:30,423.4,422.9,424.4,424.7,405.3,406.3,405.9,406.8,414.3,413.8,421.6,421.3,166260,17364,45183,14865,6789,-214,-0.9000000000000341,0.5
2021,2021-08-20,sc2110,sc2111,20210820 19:56:30,402.6,402.3,406.1,407.1,398.1,399.2,405.3,405.4,402.3,403.4,414.3,413.8,155592,15674,45308,15667,125,802,-0.0999999999999659,-1.099999999999966
2021,2021-08-23,sc2110,sc2111,20210823 19:56:30,397.3,397.5,409.1,408.8,395.2,395.7,405.5,405.1,401,401.8,402.3,403.4,155518,17024,44767,16329,-541,662,0.39999999999997726,-0.8000000000000114
2021,2021-08-24,sc2110,sc2111,20210824 19:56:30,410,411.9,425.4,423.1,408.8,409,422.6,420.2,417.7,416.9,401,401.8,148972,21985,40921,17058,-3846,729,2.400000000000034,0.8000000000000114
2021,2021-08-25,sc2110,sc2111,20210825 19:56:30,425.6,423.3,433,430.2,423.7,421.6,429.5,426.6,429,425.9,417.7,416.9,118644,17325,37567,17821,-3354,763,2.8999999999999773,3.1000000000000227
2021,2021-08-26,sc2110,sc2111,20210826 19:56:30,433.9,430.4,435.5,433.9,429.3,427.4,432.7,431.1,432.5,430.2,429,425.9,113911,21136,32844,16454,-4723,-1367,1.599999999999966,2.3000000000000114
2021,2021-08-27,sc2110,sc2111,20210827 19:56:30,432.5,429.8,440.3,437.9,427.2,426,438.2,436.2,433.1,431.9,432.5,430.2,132826,26122,33296,16688,452,234,2.0,1.2000000000000455
2021,2021-08-30,sc2110,sc2111,20210830 19:56:30,440.7,438,441.5,439.6,436.5,434.5,438.3,436.3,438.8,436.7,433.1,431.9,110363,22394,32351,17244,-945,556,2.0,2.1000000000000227
2021,2021-08-31,sc2110,sc2111,20210831 19:56:30,440.6,437.2,442.6,440,436.6,434.8,440.8,438.8,439.7,437.6,438.8,436.7,87416,21054,32426,17819,75,575,2.0,2.099999999999966
2021,2021-09-01,sc2110,sc2111,20210901 19:56:30,438.3,436.3,446.7,444,436.3,434.6,446.5,444,440.3,438.7,439.7,437.6,101038,27429,35403,19348,2977,1529,2.5,1.6000000000000227
2021,2021-09-02,sc2110,sc2111,20210902 19:56:30,444.9,442,445.2,443.5,434,432,444.8,443.3,438.9,437.2,440.3,438.7,139100,41164,33063,21501,-2340,2153,1.5,1.6999999999999886
2021,2021-09-03,sc2110,sc2111,20210903 19:56:30,448.8,447.5,458.8,456.4,448.6,447,456,452.9,455.7,453.5,438.9,437.2,103625,36812,30510,24397,-2553,2896,3.1000000000000227,2.1999999999999886
2021,2021-09-06,sc2110,sc2111,20210906 19:56:31,458.8,455.5,459.5,456.1,445.3,442.6,447.5,443.9,451.6,447.9,455.7,453.5,90290,38881,27223,26096,-3287,1699,3.6000000000000227,3.7000000000000455
2021,2021-09-07,sc2110,sc2111,20210907 19:56:31,451.5,448.6,459,452.8,450,446.5,456.9,451.6,454.3,450.4,451.6,447.9,69185,36709,24270,29012,-2953,2916,5.2999999999999545,3.900000000000034
2021,2021-09-08,sc2110,sc2111,20210908 19:56:31,450.5,446.8,454.8,449.5,447.6,442.9,453.8,448.5,451,446,454.3,450.4,78746,62981,17642,32196,-6628,3184,5.300000000000011,5.0
2021,2021-09-09,sc2110,sc2111,20210909 19:56:30,456.3,452.1,459.2,454.9,451.8,448,457.1,451.4,454.7,451.3,451,446,40566,74429,10437,37206,-7205,5010,5.7000000000000455,3.3999999999999773
2021,2021-09-10,sc2110,sc2111,20210910 19:56:30,455.1,447,471.4,452.5,442.2,439.2,456,447.3,453.5,445.5,454.7,451.3,7961,156877,7274,37084,-3163,-122,8.699999999999989,8.0
2021,2021-09-13,sc2110,sc2111,20210913 19:56:30,458.3,452.1,466.6,462,458,451.5,462.6,460,462.1,456,453.5,445.5,1335,108744,6355,42007,-919,4923,2.6000000000000227,6.100000000000023
2021,2021-09-14,sc2110,sc2111,20210914 19:56:30,465.1,461.6,467,467,459.5,457.5,462.9,464.1,463.3,461.7,462.1,456,607,95163,6047,42630,-308,623,-1.2000000000000455,1.6000000000000227
2021,2021-09-15,sc2110,sc2111,20210915 19:56:31,462.9,465.6,466.9,468.8,458.1,458,461.2,467.3,463.8,463.3,463.3,461.7,1786,94766,4312,42409,-1735,-221,-6.100000000000023,0.5
2022,2021-12-01,sc2210,sc2211,20211201 19:56:30,,,,,,,455.6,446.4,455.6,446.4,460.5,446.4,0,0,4,0,0,0,9.200000000000045,9.200000000000045
2022,2021-12-02,sc2210,sc2211,20211202 19:56:31,439.1,,452.1,,429.9,,446.7,446.4,441,446.4,455.6,446.4,20,0,8,0,4,0,0.30000000000001137,-5.399999999999977
2022,2021-12-03,sc2210,sc2211,20211203 19:56:31,442.6,,442.6,,442.6,,442.6,446.4,442.6,446.4,441,446.4,2,0,6,0,-2,0,-3.7999999999999545,-3.7999999999999545
2022,2021-12-06,sc2210,sc2211,20211206 19:56:31,445.3,,445.3,,445.3,,445.3,446.4,445.3,446.4,442.6,446.4,4,0,5,0,-1,0,-1.099999999999966,-1.099999999999966
2022,2021-12-07,sc2210,sc2211,20211207 19:56:31,,,,,,,455,446.4,455,446.4,445.3,446.4,0,0,5,0,0,0,8.600000000000023,8.600000000000023
2022,2021-12-08,sc2210,sc2211,20211208 19:56:30,466.9,,466.9,,466.9,,466.9,459,466.9,459,455,446.4,1,0,6,0,1,0,7.899999999999977,7.899999999999977
2022,2021-12-09,sc2210,sc2211,20211209 19:56:30,,,,,,,469.6,462.8,469.6,462.8,466.9,459,0,0,6,0,0,0,6.800000000000011,6.800000000000011
2022,2021-12-10,sc2210,sc2211,20211210 19:56:31,468.2,,468.2,,462.3,,462.3,462.8,465.2,462.8,469.6,462.8,2,0,8,0,2,0,-0.5,2.3999999999999773
2022,2021-12-13,sc2210,sc2211,20211213 19:56:31,,,,,,,475,463.9,475,463.9,465.2,462.8,0,0,8,0,0,0,11.100000000000023,11.100000000000023
2022,2021-12-14,sc2210,sc2211,20211214 19:56:30,,,,,,,471.4,463.9,471.4,463.9,475,463.9,0,0,8,0,0,0,7.5,7.5
2022,2021-12-15,sc2210,sc2211,20211215 19:56:30,,,,,,,467.9,458.8,467.9,458.8,471.4,463.9,0,0,8,0,0,0,9.099999999999966,9.099999999999966
2022,2021-12-16,sc2210,sc2211,20211216 19:56:31,,,,,,,467.9,458.8,467.9,458.8,467.9,458.8,0,0,8,0,0,0,9.099999999999966,9.099999999999966
2022,2021-12-17,sc2210,sc2211,20211217 19:56:31,,,,,,,472.6,458.8,472.6,458.8,467.9,458.8,0,0,8,0,0,0,13.800000000000011,13.800000000000011
2022,2021-12-20,sc2210,sc2211,20211220 19:56:30,,,,,,,450.2,449.4,450.2,449.4,472.6,458.8,0,0,8,0,0,0,0.8000000000000114,0.8000000000000114
2022,2021-12-21,sc2210,sc2211,20211221 19:56:30,446.1,,450.1,,443.3,,450.1,449.4,445.7,449.4,450.2,449.4,7,0,7,0,-1,0,0.7000000000000455,-3.6999999999999886
2022,2021-12-22,sc2210,sc2211,20211222 19:56:30,458.9,,458.9,,458.9,,458.9,449.4,458.9,449.4,445.7,449.4,1,0,7,0,0,0,9.5,9.5
2022,2021-12-23,sc2210,sc2211,20211223 19:56:30,458.3,,458.3,,458.3,,458.3,451.2,458.3,451.2,458.9,449.4,1,0,8,0,1,0,7.100000000000023,7.100000000000023
2022,2021-12-24,sc2210,sc2211,20211224 19:56:30,465.8,,465.9,,465.8,,465.9,454.2,465.8,454.2,458.3,451.2,2,0,10,0,2,0,11.699999999999989,11.600000000000023
2022,2021-12-27,sc2210,sc2211,20211227 19:56:30,468.3,,468.3,,468.3,,468.3,454.2,468.3,454.2,465.8,454.2,1,0,10,0,0,0,14.100000000000023,14.100000000000023
2022,2021-12-28,sc2210,sc2211,20211228 19:56:30,,,,,,,468.3,466.3,468.3,466.3,468.3,454.2,0,0,10,0,0,0,2.0,2.0
2022,2021-12-29,sc2210,sc2211,20211229 19:56:30,,,,,,,468.3,466.3,468.3,466.3,468.3,466.3,0,0,10,0,0,0,2.0,2.0
2022,2021-12-30,sc2210,sc2211,20211230 19:56:30,,,,,,,468.3,466.3,468.3,466.3,468.3,466.3,0,0,10,0,0,0,2.0,2.0
2022,2021-12-31,sc2210,sc2211,20211231 19:56:30,,,,,,,473.3,469.5,473.3,469.5,468.3,466.3,0,0,10,0,0,0,3.8000000000000114,3.8000000000000114
2022,2022-01-04,sc2210,sc2211,20220104 19:56:31,,,,,,,473.3,469.5,473.3,469.5,473.3,469.5,0,0,10,0,0,0,3.8000000000000114,3.8000000000000114
2022,2022-01-05,sc2210,sc2211,20220105 19:56:31,,,,,,,479.7,469.5,479.7,469.5,473.3,469.5,0,0,10,0,0,0,10.199999999999989,10.199999999999989
2022,2022-01-06,sc2210,sc2211,20220106 19:56:30,,,,,,,479.7,469.5,479.7,469.5,479.7,469.5,0,0,10,0,0,0,10.199999999999989,10.199999999999989
2022,2022-01-07,sc2210,sc2211,20220107 19:56:31,493.1,,493.1,,493.1,,493.1,482.1,493.1,482.1,479.7,469.5,1,0,9,0,-1,0,11.0,11.0
2022,2022-01-10,sc2210,sc2211,20220110 19:56:31,,,,,,,493.1,482.1,493.1,482.1,493.1,482.1,0,0,9,0,0,0,11.0,11.0
2022,2022-01-11,sc2210,sc2211,20220111 19:56:30,,,,,,,490.3,482.1,490.3,482.1,493.1,482.1,0,0,9,0,0,0,8.199999999999989,8.199999999999989
2022,2022-01-12,sc2210,sc2211,20220112 19:56:31,501.8,,501.8,,501.8,,501.8,486.5,501.8,486.5,490.3,482.1,1,0,10,0,1,0,15.300000000000011,15.300000000000011
2022,2022-01-13,sc2210,sc2211,20220113 19:56:30,500,,500,,500,,500,486.5,500,486.5,501.8,486.5,2,0,11,0,1,0,13.5,13.5
2022,2022-01-14,sc2210,sc2211,20220114 19:56:31,,,,,,,500,489.3,500,489.3,500,486.5,0,0,11,0,0,0,10.699999999999989,10.699999999999989
2022,2022-01-17,sc2210,sc2211,20220117 19:56:31,507,,507,,507,,507,490.6,507,490.6,500,489.3,1,0,11,0,0,0,16.399999999999977,16.399999999999977
2022,2022-01-18,sc2210,sc2211,20220118 19:56:31,499.7,,499.7,,499.7,,499.7,496.6,499.7,496.6,507,490.6,1,0,10,0,-1,0,3.099999999999966,3.099999999999966
2022,2022-01-19,sc2210,sc2211,20220119 19:56:30,,,,,,,506.7,501.6,506.7,501.6,499.7,496.6,0,0,10,0,0,0,5.099999999999966,5.099999999999966
2022,2022-01-20,sc2210,sc2211,20220120 19:56:31,,,,,,,507.2,506.9,507.2,506.9,506.7,501.6,0,0,10,0,0,0,0.30000000000001137,0.30000000000001137
2022,2022-01-21,sc2210,sc2211,20220121 19:56:30,,,,,,,497.1,506.9,497.1,506.9,507.2,506.9,0,0,10,0,0,0,-9.799999999999955,-9.799999999999955
2022,2022-01-24,sc2210,sc2211,20220124 19:56:30,,,,,,,509.8,506.9,509.8,506.9,497.1,506.9,0,0,10,0,0,0,2.900000000000034,2.900000000000034
2022,2022-01-25,sc2210,sc2211,20220125 19:56:30,502,,502,,502,,502,499.1,502,499.1,509.8,506.9,1,0,10,0,0,0,2.8999999999999773,2.8999999999999773
2022,2022-01-26,sc2210,sc2211,20220126 19:56:30,,,,,,,513,499.1,513,499.1,502,499.1,0,0,10,0,0,0,13.899999999999977,13.899999999999977
2022,2022-01-27,sc2210,sc2211,20220127 19:56:30,,,,,,,513,508.1,513,508.1,513,499.1,0,0,10,0,0,0,4.899999999999977,4.899999999999977
2022,2022-01-28,sc2210,sc2211,20220128 19:56:31,,,,,,,513,508.1,513,508.1,513,508.1,0,0,10,0,0,0,4.899999999999977,4.899999999999977
2022,2022-02-07,sc2210,sc2211,20220207 19:56:30,,,,,,,540,532.8,540,532.8,513,508.1,0,0,10,0,0,0,7.2000000000000455,7.2000000000000455
2022,2022-02-08,sc2210,sc2211,20220208 19:56:30,542.3,538.6,542.3,538.6,542.3,538.6,542.3,538.6,542.3,538.6,540,532.8,1,1,11,1,1,1,3.699999999999932,3.699999999999932
2022,2022-02-09,sc2210,sc2211,20220209 19:56:31,,,,,,,542.3,538.6,542.3,538.6,542.3,538.6,0,0,11,1,0,0,3.699999999999932,3.699999999999932
2022,2022-02-10,sc2210,sc2211,20220210 19:56:30,,,,,,,542.3,538.6,542.3,538.6,542.3,538.6,0,0,11,1,0,0,3.699999999999932,3.699999999999932
2022,2022-02-11,sc2210,sc2211,20220211 19:56:31,,,,,,,539.6,536.6,539.6,536.6,542.3,538.6,0,0,11,1,0,0,3.0,3.0
2022,2022-02-14,sc2210,sc2211,20220214 19:56:30,553.5,549.5,554.2,549.5,553.5,549.5,554.2,549.5,553.8,549.5,539.6,536.6,2,1,10,0,-1,-1,4.7000000000000455,4.2999999999999545
2022,2022-02-15,sc2210,sc2211,20220215 19:56:30,,,,,,,553.8,549.5,553.8,549.5,553.8,549.5,0,0,10,0,0,0,4.2999999999999545,4.2999999999999545
2022,2022-02-16,sc2210,sc2211,20220216 19:56:30,,,,,,,543.3,539.1,543.3,539.1,553.8,549.5,0,0,10,0,0,0,4.199999999999932,4.199999999999932
2022,2022-02-17,sc2210,sc2211,20220217 19:56:30,,,,,,,543.3,539.1,543.3,539.1,543.3,539.1,0,0,10,0,0,0,4.199999999999932,4.199999999999932
2022,2022-02-18,sc2210,sc2211,20220218 19:56:30,,,,,,,543.3,539.1,543.3,539.1,543.3,539.1,0,0,10,0,0,0,4.199999999999932,4.199999999999932
2022,2022-02-21,sc2210,sc2211,20220221 19:56:30,,,,,,,543.3,539.1,543.3,539.1,543.3,539.1,0,0,10,0,0,0,4.199999999999932,4.199999999999932
2022,2022-02-22,sc2210,sc2211,20220222 19:56:30,,,,,,,555.3,550.2,555.3,550.2,543.3,539.1,0,0,10,0,0,0,5.099999999999909,5.099999999999909
2022,2022-02-23,sc2210,sc2211,20220223 19:56:31,,,,,,,555.3,550.2,555.3,550.2,555.3,550.2,0,0,10,0,0,0,5.099999999999909,5.099999999999909
2022,2022-02-24,sc2210,sc2211,20220224 19:56:30,,,,,,,570.2,561,570.2,561,555.3,550.2,0,0,10,0,0,0,9.200000000000045,9.200000000000045
2022,2022-02-25,sc2210,sc2211,20220225 19:56:31,570.6,,570.6,,560.2,,560.2,556.2,565.4,556.2,570.2,561,2,0,10,0,0,0,4.0,9.199999999999932
2022,2022-02-28,sc2210,sc2211,20220228 19:56:31,543.9,,543.9,,543.9,,543.9,556.2,543.9,556.2,565.4,556.2,1,0,9,0,-1,0,-12.300000000000068,-12.300000000000068
2022,2022-03-01,sc2210,sc2211,20220301 19:56:30,,,,,,,565,556.2,565,556.2,543.9,556.2,0,0,9,0,0,0,8.799999999999955,8.799999999999955
2022,2022-03-02,sc2210,sc2211,20220302 19:56:30,579.4,,597.8,,572.2,,586.1,575.5,584.6,575.5,565,556.2,10,0,12,0,3,0,10.600000000000023,9.100000000000023
2022,2022-03-03,sc2210,sc2211,20220303 19:56:31,598.2,621.1,631.2,621.1,598.2,621.1,629.9,621.1,621.6,621.1,584.6,575.5,12,3,15,3,3,3,8.799999999999955,0.5
2022,2022-03-04,sc2210,sc2211,20220304 19:56:30,613,591.3,613,591.3,596.3,575.9,609.7,575.9,605.8,581,621.6,621.1,5,3,14,5,-1,2,33.80000000000007,24.799999999999955
2022,2022-03-07,sc2210,sc2211,20220307 19:56:30,628.6,622.2,654.2,627.4,628.6,621.8,654.2,627.4,639.5,624.1,605.8,581,10,5,18,3,4,-2,26.800000000000068,15.399999999999977
2022,2022-03-08,sc2210,sc2211,20220308 19:56:30,676.9,664,676.9,664,676.9,664,676.9,664,676.9,664,639.5,624.1,2,1,18,3,0,0,12.899999999999977,12.899999999999977
2022,2022-03-09,sc2210,sc2211,20220309 19:56:30,,,,,,,690,695.7,690,695.7,676.9,664,0,0,18,3,0,0,-5.7000000000000455,-5.7000000000000455
2022,2022-03-10,sc2210,sc2211,20220310 19:56:30,655.9,695.7,655.9,695.7,601,605.2,608,605.2,617,650.4,690,695.7,14,2,26,3,8,0,2.7999999999999545,-33.39999999999998
2022,2022-03-11,sc2210,sc2211,20220311 19:56:31,638.6,616.8,638.7,616.8,615.2,616.8,620,616.8,626.8,616.8,617,650.4,10,1,22,2,-4,-1,3.2000000000000455,10.0
2022,2022-03-14,sc2210,sc2211,20220314 19:56:30,606.8,,606.8,,606.8,,606.8,616.8,606.8,616.8,626.8,616.8,1,0,22,2,0,0,-10.0,-10.0
2022,2022-03-15,sc2210,sc2211,20220315 19:56:31,607,,607,,576.7,,593,585.6,591.6,585.6,606.8,616.8,8,0,20,2,-2,0,7.399999999999977,6.0
2022,2022-03-16,sc2210,sc2211,20220316 19:56:30,587.1,,595,,587.1,,595,585.6,591,585.6,591.6,585.6,7,0,20,2,0,0,9.399999999999977,5.399999999999977
2022,2022-03-17,sc2210,sc2211,20220317 19:56:30,,,,,,,591,578.5,591,578.5,591,585.6,0,0,20,2,0,0,12.5,12.5
2022,2022-03-18,sc2210,sc2211,20220318 19:56:30,605.2,605.3,624.9,605.3,601.5,605.3,617.1,605.3,611.4,605.3,591,578.5,6,1,21,3,1,1,11.800000000000068,6.100000000000023
2022,2022-03-21,sc2210,sc2211,20220321 19:56:30,,600,,600,,600,611.4,600,611.4,600,611.4,605.3,0,1,21,3,0,0,11.399999999999977,11.399999999999977
2022,2022-03-22,sc2210,sc2211,20220322 19:56:30,640.2,,640.2,,640.2,,640.2,600,640.2,600,611.4,600,1,0,21,3,0,0,40.200000000000045,40.200000000000045
2022,2022-03-23,sc2210,sc2211,20220323 19:56:30,,,,,,,636.5,603.7,636.5,603.7,640.2,600,0,0,21,3,0,0,32.799999999999955,32.799999999999955
2022,2022-03-24,sc2210,sc2211,20220324 19:56:31,,630.7,,630.7,,630.7,636.5,630.7,636.5,630.7,636.5,603.7,0,1,21,3,0,0,5.7999999999999545,5.7999999999999545
2022,2022-03-25,sc2210,sc2211,20220325 19:56:30,,,,,,,636.5,626.4,636.5,626.4,636.5,630.7,0,0,21,3,0,0,10.100000000000023,10.100000000000023
2022,2022-03-28,sc2210,sc2211,20220328 19:56:31,637.9,627,638,627,629.2,627,629.2,627,635,627,636.5,626.4,3,1,21,3,0,0,2.2000000000000455,8.0
2022,2022-03-29,sc2210,sc2211,20220329 19:56:30,619.2,,630.1,,611.9,,611.9,614.8,622.7,614.8,635,627,9,0,21,3,0,0,-2.8999999999999773,7.900000000000091
2022,2022-03-30,sc2210,sc2211,20220330 19:56:31,592,,615.9,,592,,615.9,596.2,603.9,596.2,622.7,614.8,2,0,20,3,-1,0,19.699999999999932,7.699999999999932
2022,2022-03-31,sc2210,sc2211,20220331 19:56:30,627.4,604,632.4,604,614.4,604,614.4,604,626.7,604,603.9,596.2,20,1,22,4,2,1,10.399999999999977,22.700000000000045
2022,2022-04-01,sc2210,sc2211,20220401 19:56:31,619.6,,630.3,,606.4,,610.9,596.5,618.9,596.5,626.7,604,405,0,66,4,44,0,14.399999999999977,22.399999999999977
2022,2022-04-06,sc2210,sc2211,20220406 19:56:30,627,631.8,643.3,631.8,627,631.8,640.5,631.8,634.5,631.8,618.9,596.5,103,1,51,4,-15,0,8.700000000000045,2.7000000000000455
2022,2022-04-07,sc2210,sc2211,20220407 19:56:31,644.6,635.7,646.5,635.8,611.9,610,613.8,610.8,623.6,624.9,634.5,631.8,173,7,62,8,11,4,3.0,-1.2999999999999545
2022,2022-04-08,sc2210,sc2211,20220408 19:56:30,625,613,625.2,613,602.5,613,619,613,613.1,613,623.6,624.9,76,1,57,8,-5,0,6.0,0.10000000000002274
2022,2022-04-11,sc2210,sc2211,20220411 19:56:30,619,,626.9,,612.2,,619.5,613,615.7,613,613.1,613,1598,0,1484,8,1427,0,6.5,2.7000000000000455
2022,2022-04-12,sc2210,sc2211,20220412 19:56:30,613.3,,631.2,,606,,630.9,613,614.7,613,615.7,613,334,0,1671,8,187,0,17.899999999999977,1.7000000000000455
2022,2022-04-13,sc2210,sc2211,20220413 19:56:30,636,,670.5,,634,,642,632,642.5,632,614.7,613,179,0,1675,8,4,0,10.0,10.5
2022,2022-04-14,sc2210,sc2211,20220414 19:56:30,651.6,651.9,664.1,653.9,648.9,651.9,658.7,652.4,657.5,652.7,642.5,632,149,3,1683,7,8,-1,6.300000000000068,4.7999999999999545
2022,2022-04-15,sc2210,sc2211,20220415 19:56:30,653.3,656.8,679.2,656.9,653,656.8,677.8,656.9,671.4,656.8,657.5,652.7,123,2,1700,7,17,0,20.899999999999977,14.600000000000023
2022,2022-04-18,sc2210,sc2211,20220418 19:56:30,677.6,670.2,685,675,671.9,670.2,674.6,675,678.6,671.7,671.4,656.8,186,4,1730,8,30,1,-0.39999999999997726,6.899999999999977
2022,2022-04-19,sc2210,sc2211,20220419 19:56:30,674.8,,685.9,,668.4,,672,671.7,676.1,671.7,678.6,671.7,116,0,1727,8,-3,0,0.2999999999999545,4.399999999999977
2022,2022-04-20,sc2210,sc2211,20220420 19:56:31,663.2,648,663.2,651,644.9,628.1,659.9,651,654.7,641.2,676.1,671.7,160,5,1730,9,3,1,8.899999999999977,13.5
2022,2022-04-21,sc2210,sc2211,20220421 19:56:30,660.4,,666.4,,649.1,,666,643.4,661.6,643.4,654.7,641.2,217,0,1723,9,-7,0,22.600000000000023,18.200000000000045
2022,2022-04-22,sc2210,sc2211,20220422 19:56:30,669,,674,,655.2,,663.5,643.4,661.2,643.4,661.6,643.4,92,0,1726,9,3,0,20.100000000000023,17.800000000000068
2022,2022-04-25,sc2210,sc2211,20220425 19:56:30,659.9,643.8,663.8,643.8,626.2,618.7,628,620.4,645,627.6,661.2,643.4,116,3,1722,9,-4,0,7.600000000000023,17.399999999999977
2022,2022-04-26,sc2210,sc2211,20220426 19:56:30,628,609.1,638.7,634.5,612.2,606.8,633.6,630.5,627,614.5,645,627.6,707,67,1240,27,-482,18,3.1000000000000227,12.5
2022,2022-04-27,sc2210,sc2211,20220427 19:56:30,633.7,636,655.8,648.4,633.7,630.2,650.8,640.6,638.3,639.6,627,614.5,695,62,1708,50,468,23,10.199999999999932,-1.3000000000000682
2022,2022-04-28,sc2210,sc2211,20220428 19:56:30,640.9,633,645.8,642,628.6,621.8,639,630.8,635.4,630.1,638.3,639.6,315,57,1631,53,-77,3,8.200000000000045,5.2999999999999545
2022,2022-04-29,sc2210,sc2211,20220429 19:56:31,640.9,638.3,665.5,656.8,640.3,635,656.9,648.4,654.6,645.2,635.4,630.1,447,86,1708,91,77,38,8.5,9.399999999999977
2022,2022-05-05,sc2210,sc2211,20220505 19:56:30,665.5,671.1,681.4,671.5,665.5,663.7,676.4,669.3,676.5,667.5,654.6,645.2,89,27,1730,103,22,12,7.100000000000023,9.0
2022,2022-05-06,sc2210,sc2211,20220506 19:56:30,684.4,680.2,693.4,682.6,666.9,658,680.8,675.5,682.4,673.3,676.5,667.5,518,207,1844,263,114,160,5.2999999999999545,9.100000000000023
2022,2022-05-09,sc2210,sc2211,20220509 19:56:30,681,675.3,696,686.4,675.5,668.1,685.9,676,685.2,678.5,682.4,673.3,809,72,1738,285,-106,22,9.899999999999977,6.7000000000000455
2022,2022-05-10,sc2210,sc2211,20220510 19:56:31,679,670.5,683.4,672.3,630,625.3,641.1,626.6,653.9,644,685.2,678.5,633,125,1724,287,-14,2,14.5,9.899999999999977
2022,2022-05-11,sc2210,sc2211,20220511 19:56:30,643,633.4,655.4,646.8,629.6,623.7,651.1,643.3,644.6,637.3,653.9,644,853,185,1670,278,-54,-9,7.800000000000068,7.300000000000068
2022,2022-05-12,sc2210,sc2211,20220512 19:56:31,652.7,645,675,668.2,652.7,645,667.3,659.6,662.5,661.3,644.6,637.3,2025,404,2322,341,652,63,7.699999999999932,1.2000000000000455
2022,2022-05-13,sc2210,sc2211,20220513 19:56:31,667.3,663.5,689.5,683.2,664.9,663.5,683.4,676.1,677.5,672.5,662.5,661.3,1758,140,2397,361,75,20,7.2999999999999545,5.0
2022,2022-05-16,sc2210,sc2211,20220516 19:56:31,690.3,686.9,709,691.7,678.9,673.2,686.9,680.8,688.4,680.5,677.5,672.5,2153,191,3143,366,746,5,6.100000000000023,7.899999999999977
2022,2022-05-17,sc2210,sc2211,20220517 19:56:30,693.5,685.7,712,704.9,689.6,684,704.4,697.4,702.4,695.8,688.4,680.5,1381,156,3277,396,134,30,7.0,6.600000000000023
2022,2022-05-18,sc2210,sc2211,20220518 19:56:30,703.3,696,708.6,699.7,686,678.5,689.5,680.5,699,692.1,702.4,695.8,1041,123,3251,389,-26,-7,9.0,6.899999999999977
2022,2022-05-19,sc2210,sc2211,20220519 19:56:30,695.2,690.2,697.4,690.2,669,662,681.2,673.2,680.8,673.4,699,692.1,1590,256,3303,418,52,29,8.0,7.399999999999977
2022,2022-05-20,sc2210,sc2211,20220520 19:56:30,655.6,650.8,687.7,679.8,655,650.8,683.7,675.9,677.3,669.3,680.8,673.4,1655,116,3347,422,44,4,7.800000000000068,8.0
2022,2022-05-23,sc2210,sc2211,20220523 19:56:31,685.3,679.9,693,685.1,676.1,668.4,689.4,680.9,685.9,679.2,677.3,669.3,989,100,3374,441,27,19,8.5,6.699999999999932
2022,2022-05-24,sc2210,sc2211,20220524 19:56:31,687.9,678.5,687.9,678.5,673.1,665.8,673.9,667,678.2,671,685.9,679.2,1510,219,3528,455,154,14,6.899999999999977,7.2000000000000455
2022,2022-05-25,sc2210,sc2211,20220525 19:56:30,683,675.8,695.7,687.6,677.9,674.3,692.6,685,687.5,682,678.2,671,1359,225,3596,507,68,52,7.600000000000023,5.5
2022,2022-05-26,sc2210,sc2211,20220526 19:56:30,693.3,685.1,697,689,684.8,677.2,694.1,687,691.5,684.7,687.5,682,2607,132,2793,543,-803,36,7.100000000000023,6.7999999999999545
2022,2022-05-27,sc2210,sc2211,20220527 19:56:31,694.3,688,724.9,714.3,694.2,688,711.1,703.1,712.3,704.4,691.5,684.7,2440,294,3048,561,255,18,8.0,7.899999999999977
2022,2022-05-30,sc2210,sc2211,20220531 19:15:03,710.3,698.5,725.3,716.2,706.7,698.5,712.2,702.2,714.2,707.4,712.3,704.4,2185,124,3224,550,176,-11,10.0,6.800000000000068
2022,2022-05-31,sc2210,sc2211,20220531 19:56:31,712.9,705.1,736.6,724.9,712.5,702.3,732.8,722.3,725.2,716.7,714.2,707.4,1985,125,3611,573,387,23,10.5,8.5
2022,2022-06-01,sc2210,sc2211,20220601 19:56:30,734,723.1,739.5,726.7,704.5,694,715.5,705.4,719.7,706.6,725.2,716.7,3771,160,3549,566,-62,-7,10.100000000000023,13.100000000000023
2022,2022-06-02,sc2210,sc2211,20220602 19:56:31,715.7,708.4,723.6,713.5,694.2,682.8,701.9,696.3,712.1,700.9,719.7,706.6,4778,332,4265,558,716,-8,5.600000000000023,11.200000000000045
2022,2022-06-06,sc2210,sc2211,20220606 19:56:31,741.5,734,742,735.9,729.2,724.1,734.8,728.1,735,728.9,712.1,700.9,2438,513,4783,627,518,69,6.699999999999932,6.100000000000023
2022,2022-06-07,sc2210,sc2211,20220607 19:56:31,731.1,725.8,739.2,733.3,727.6,721.2,737,731,733,730.4,735,728.9,2585,275,5121,724,338,97,6.0,2.6000000000000227
2022,2022-06-08,sc2210,sc2211,20220608 19:56:31,733.5,724.9,742.7,736,729,721.8,740,733.3,737.9,731.8,733,730.4,2762,181,5399,727,278,3,6.7000000000000455,6.100000000000023
2022,2022-06-09,sc2210,sc2211,20220609 19:56:31,745,748.7,762.7,755.1,739.5,733.8,753.1,746.2,751.2,746.7,737.9,731.8,2903,252,5401,744,2,17,6.899999999999977,4.5
2022,2022-06-10,sc2210,sc2211,20220610 19:56:30,752.3,741.8,756.9,749.1,745,738,749,742.5,752,744,751.2,746.7,2154,153,5495,743,94,-1,6.5,8.0
2022,2022-06-13,sc2210,sc2211,20220613 19:56:30,754,744.5,758,744.7,732.3,724.3,735.4,726.3,740.9,731.9,752,744,3311,185,5248,746,-247,3,9.100000000000023,9.0
2022,2022-06-14,sc2210,sc2211,20220614 19:56:30,735.4,730,752.2,743.4,728.3,720.9,751.3,742.5,741,733.3,740.9,731.9,4136,315,5188,807,-60,61,8.799999999999955,7.7000000000000455
2022,2022-06-15,sc2210,sc2211,20220615 19:56:30,755.6,745,761,750.8,733.1,725,734.3,726,748.9,737.4,741,733.3,3800,228,5406,841,218,34,8.299999999999955,11.5
2022,2022-06-16,sc2210,sc2211,20220616 19:56:30,733.3,721.8,734.4,722.9,720.2,711,724.4,714.4,727,717.8,748.9,737.4,3510,210,5717,862,311,21,10.0,9.200000000000045
2022,2022-06-17,sc2210,sc2211,20220617 19:56:31,714,711.3,726.2,718.2,704,697.3,725.1,717.3,715.1,708.6,727,717.8,4974,407,6291,911,574,49,7.800000000000068,6.5
2022,2022-06-20,sc2210,sc2211,20220620 19:56:30,718.9,717.3,719.4,717.3,674.8,667.1,681.3,674.4,688.2,678.5,715.1,708.6,6823,648,6002,911,-289,0,6.899999999999977,9.700000000000045
2022,2022-06-21,sc2210,sc2211,20220621 19:56:30,681.2,674.4,701.6,694.1,679.4,672.3,695.2,687.6,689.1,677.1,688.2,678.5,4232,1078,6080,1703,78,792,7.600000000000023,12.0
2022,2022-06-22,sc2210,sc2211,20220622 19:56:30,700,693.4,705.2,696.5,671.2,663,671.3,663,683.7,671.9,689.1,677.1,10918,1508,6228,2145,148,442,8.299999999999955,11.800000000000068
2022,2022-06-23,sc2210,sc2211,20220623 19:56:30,666.2,658.6,691.2,682.7,661.8,654.1,684,676.3,676.7,666.3,683.7,671.9,8210,1123,6312,2345,84,200,7.7000000000000455,10.400000000000091
2022,2022-06-24,sc2210,sc2211,20220624 19:56:31,688.1,682.1,694.6,686,660.6,653.4,667.5,660.6,674.6,662.5,676.7,666.3,9864,922,7141,2387,829,42,6.899999999999977,12.100000000000023
2022,2022-06-27,sc2210,sc2211,20220627 19:56:30,680,676.1,692.9,684.4,668.3,661.2,687.3,678.7,682.5,675.2,674.6,662.5,9847,2140,8028,2264,887,-123,8.599999999999909,7.2999999999999545
2022,2022-06-28,sc2210,sc2211,20220628 19:56:30,688.6,679.1,713.4,704.3,680.2,672,712.5,703,699.5,691.8,682.5,675.2,11055,2284,9102,2347,1074,83,9.5,7.7000000000000455
2022,2022-06-29,sc2210,sc2211,20220629 19:56:30,714.4,705.1,719.2,710.2,706.5,698.1,711.6,702,713.2,704.6,699.5,691.8,8964,1728,9631,2411,529,64,9.600000000000023,8.600000000000023
2022,2022-06-30,sc2210,sc2211,20220630 19:56:30,726,712.1,728.5,717.7,701.7,692,702.2,692.2,714.3,705.9,713.2,704.6,12735,1829,10958,2389,1327,-22,10.0,8.399999999999977
2022,2022-07-01,sc2210,sc2211,20220701 19:56:31,700,693,703.9,693,673.6,663.3,676.4,666.2,685,674.5,714.3,705.9,13819,2390,11525,2462,567,73,10.199999999999932,10.5
2022,2022-07-04,sc2210,sc2211,20220704 19:56:31,694.3,682.8,697.9,685.7,682.1,671,694.6,681.4,690,680.1,685,674.5,9968,1516,12151,2717,626,255,13.200000000000045,9.899999999999977
2022,2022-07-05,sc2210,sc2211,20220705 19:56:30,700.1,689.1,709.3,695.9,695.6,683.6,696.5,683.8,702,689.4,690,680.1,7762,1375,12504,2952,353,235,12.700000000000045,12.600000000000023
2022,2022-07-06,sc2210,sc2211,20220706 19:56:30,689.2,676.9,689.2,677.1,624.3,610.8,638.1,624.9,647.5,642.7,702,689.4,22204,4767,13426,2382,922,-570,13.200000000000045,4.7999999999999545
2022,2022-07-07,sc2210,sc2211,20220707 19:56:30,635.5,620.9,639.4,627,611,602.7,620.4,611.7,624.2,613,647.5,642.7,19425,5139,12920,1966,-506,-416,8.699999999999932,11.200000000000045
2022,2022-07-08,sc2210,sc2211,20220708 19:56:30,627.7,619.9,655.2,644.2,627.7,619.5,650.5,639,647,636.7,624.2,613,13565,2983,14523,2068,1603,102,11.5,10.299999999999955
2022,2022-07-11,sc2210,sc2211,20220711 19:56:31,654,641.6,669,658,649,638,658.2,648,659,648.2,647,636.7,15882,3245,14416,2016,-107,-52,10.200000000000045,10.799999999999955
2022,2022-07-12,sc2210,sc2211,20220712 19:56:30,645.7,628,664.1,653.1,645.7,628,652.8,641.3,655.2,644.5,659,648.2,12627,2999,14864,2124,448,108,11.5,10.700000000000045
2022,2022-07-13,sc2210,sc2211,20220713 19:56:31,640.7,628.4,642.9,631.6,613.4,603.3,629.7,619.1,625.3,612.8,655.2,644.5,17169,3710,13225,2247,-1639,123,10.600000000000023,12.5
2022,2022-07-14,sc2210,sc2211,20220714 19:56:30,620,608.4,630.3,620.4,613.2,604.5,618.2,608.2,621.6,611.7,625.3,612.8,14295,3663,13423,2833,198,586,10.0,9.899999999999977
2022,2022-07-15,sc2210,sc2211,20220715 19:56:30,614.4,605.8,618,608.4,589.9,582.3,603.9,593.8,604.9,596.8,621.6,611.7,21718,4980,14077,3084,654,251,10.100000000000023,8.100000000000023
2022,2022-07-18,sc2210,sc2211,20220718 19:56:31,620,607.5,643.8,630,611.9,601.1,643,629,625,614.9,604.9,596.8,22737,5649,14630,4082,553,998,14.0,10.100000000000023
2022,2022-07-19,sc2210,sc2211,20220719 19:56:30,644.2,630.5,657.8,645,644.2,630.5,649,637.9,651.4,638.1,625,614.9,17383,5215,15494,5375,864,1293,11.100000000000023,13.299999999999955
2022,2022-07-20,sc2210,sc2211,20220720 19:56:30,638.9,629.1,657.9,646.6,632.6,622.8,647.7,637.4,648.1,637.5,651.4,638.1,21216,5117,16625,6612,1131,1237,10.300000000000068,10.600000000000023
2022,2022-07-21,sc2210,sc2211,20220721 19:56:30,645.5,634.9,655.5,644.3,642.1,631,646,633.9,648.1,637,648.1,637.5,19370,4268,17212,7347,587,735,12.100000000000023,11.100000000000023
2022,2022-07-22,sc2210,sc2211,20220722 19:56:31,630.9,618,644.8,634.8,629.1,617.6,644.2,633.7,637,626.7,648.1,637,26758,6523,17165,7627,-47,280,10.5,10.299999999999955
2022,2022-07-25,sc2210,sc2211,20220725 19:56:31,630.4,620,644.7,631.8,618.9,608.2,622,610.9,632.8,620.7,637,626.7,28154,7342,18293,8683,1128,1056,11.100000000000023,12.099999999999909
2022,2022-07-26,sc2210,sc2211,20220726 19:56:30,638.3,625.6,657.1,642.7,630.3,619.4,654.5,641.1,642.3,631.3,632.8,620.7,25142,6876,19691,9896,1398,1213,13.399999999999977,11.0
2022,2022-07-27,sc2210,sc2211,20220727 19:56:30,657.2,641.1,658.5,644.1,634.5,622,638.8,626,645.3,631.5,642.3,631.3,24109,5313,19221,10413,-470,517,12.799999999999955,13.799999999999955
2022,2022-07-28,sc2210,sc2211,20220728 19:56:30,644.2,630.3,670.8,658,636.6,624.1,670.4,658,657.3,643.8,645.3,631.5,30867,6838,20660,10828,1439,415,12.399999999999977,13.5
2022,2022-07-29,sc2210,sc2211,20220729 19:56:30,672.4,659.2,672.4,659.9,656,642.4,666.4,651.9,663.4,649.2,657.3,643.8,30945,5980,22750,11308,2090,480,14.5,14.199999999999932
2022,2022-08-01,sc2210,sc2211,20220801 19:56:31,675.9,661,690.3,674.7,666,650.9,673,656.8,678,662.7,663.4,649.2,33048,6476,23328,11300,578,-8,16.200000000000045,15.299999999999955
2022,2022-08-02,sc2210,sc2211,20220802 19:56:31,663.2,645.4,663.2,650.8,643.8,631.9,662.6,649.8,652.7,638.6,678,662.7,55247,10809,21098,10901,-2230,-399,12.800000000000068,14.100000000000023
2022,2022-08-03,sc2210,sc2211,20220803 19:56:31,663.1,649.8,672.2,663,657.6,645.2,662.5,652,664.6,654.5,652.7,638.6,44843,10619,22383,10619,1285,-282,10.5,10.100000000000023
2022,2022-08-04,sc2210,sc2211,20220804 19:56:31,673.3,666,675.2,666,639,630,641.4,633.7,653.2,644.6,664.6,654.5,56992,9424,22767,10902,384,283,7.699999999999932,8.600000000000023
2022,2022-08-05,sc2210,sc2211,20220805 19:56:30,640,634.7,643.3,635.1,626.2,617,632.4,623.3,633.6,623.7,653.2,644.6,42061,7371,25120,10797,2353,-105,9.100000000000023,9.899999999999977
2022,2022-08-08,sc2210,sc2211,20220808 19:56:31,626.5,617.8,644.8,632.4,620.5,610.7,642.8,628.8,633.9,622.8,633.6,623.7,53172,6562,25231,11474,111,677,14.0,11.100000000000023
2022,2022-08-09,sc2210,sc2211,20220809 19:56:30,630.2,617,655.4,640.2,630.2,615.9,650.4,634.7,644.2,630.7,633.9,622.8,49384,6940,28772,12390,3541,916,15.699999999999932,13.5
2022,2022-08-10,sc2210,sc2211,20220810 19:56:31,662,643.9,663.2,647.5,646.4,631.2,649.9,634.6,654,639,644.2,630.7,56831,5411,29753,12540,981,150,15.299999999999955,15.0
2022,2022-08-11,sc2210,sc2211,20220811 19:56:30,653,636.5,668.5,652.1,638.5,623,665.6,649.5,654.5,640,654,639,73012,7883,32721,13169,2968,629,16.100000000000023,14.5
2022,2022-08-12,sc2210,sc2211,20220812 19:56:30,673.6,657.5,679,660.6,665.9,649.4,677.7,658.2,672.7,655.2,654.5,640,52171,5656,35548,13551,2827,382,19.5,17.5
2022,2022-08-15,sc2210,sc2211,20220815 19:56:31,671.4,651.4,674.2,654.7,662.6,644.1,668.5,648,667.5,648.1,672.7,655.2,64899,5904,35203,14060,-345,509,20.5,19.399999999999977
2022,2022-08-16,sc2210,sc2211,20220816 19:56:31,640,626,664.2,642.5,640,622.5,661.7,639.6,654,633.5,667.5,648.1,104850,9236,36792,14510,1589,450,22.100000000000023,20.5
2022,2022-08-17,sc2210,sc2211,20220817 19:56:31,662.9,645,670.3,647.8,654.2,632,663.4,639,662.4,640.5,654,633.5,145434,11810,39577,14964,2785,454,24.399999999999977,21.899999999999977
2022,2022-08-18,sc2210,sc2211,20220818 19:56:30,661.4,636.9,682.2,653.9,660.2,635.5,679.1,650.6,669.9,644.6,662.4,640.5,168414,9744,44110,15618,4533,654,28.5,25.299999999999955
2022,2022-08-19,sc2210,sc2211,20220819 19:56:30,688.5,664.6,703.6,671.7,684.8,655.8,692.7,663,691.7,662.4,669.9,644.6,165545,11643,47423,16616,3313,998,29.700000000000045,29.300000000000068
2022,2022-08-22,sc2210,sc2211,20220822 19:56:30,689.6,659.5,709.6,677.6,689.2,658.3,699.3,668.4,702.3,669.9,691.7,662.4,156505,11314,47340,16351,-83,-265,30.899999999999977,32.39999999999998
2022,2022-08-23,sc2210,sc2211,20220823 19:56:30,702,671.7,713.5,685.1,686,656.3,712.8,685,698.8,671.6,702.3,669.9,184052,16022,47431,16751,91,400,27.799999999999955,27.199999999999932
2022,2022-08-24,sc2210,sc2211,20220824 19:56:30,715,689.1,734.8,697.8,711.5,683.6,734.1,697.6,718.8,690.6,698.8,671.6,162118,19740,51209,17822,3778,1071,36.5,28.199999999999932
2022,2022-08-25,sc2210,sc2211,20220825 19:56:30,734,697.6,752.4,709,730.1,688.6,745.2,700,739.9,698.1,718.8,690.6,200700,25649,48421,18477,-2788,655,45.200000000000045,41.799999999999955
2022,2022-08-26,sc2210,sc2211,20220826 19:56:30,744.5,700.6,750.8,705.9,732.1,688.4,740,695,740.3,696,739.9,698.1,151698,17212,44563,18307,-3858,-170,45.0,44.299999999999955
2022,2022-08-29,sc2210,sc2211,20220829 19:56:30,732.5,686.7,736.3,702.5,719.6,676.8,729.5,699.2,727.5,690.6,740.3,696,185594,29734,41819,19242,-2744,935,30.299999999999955,36.89999999999998
2022,2022-08-30,sc2210,sc2211,20220830 19:56:30,733.1,702.2,747.4,715.3,729.7,699,736.7,709.6,739.5,708.1,727.5,690.6,130185,28920,42524,22999,705,3757,27.100000000000023,31.399999999999977
2022,2022-08-31,sc2210,sc2211,20220831 19:56:30,723,700.4,728,701.2,712.6,681.1,716.5,693.2,717.8,691.2,739.5,708.1,144205,34242,37870,23242,-4654,243,23.299999999999955,26.59999999999991
2022,2022-09-01,sc2210,sc2211,20220901 19:56:30,701.8,676.5,714.4,686.7,695.4,661.5,698.9,663.3,706.1,674.6,717.8,691.2,148610,42389,34820,24357,-3050,1115,35.60000000000002,31.5
2022,2022-09-02,sc2210,sc2211,20220902 19:56:30,694.1,660,702,661.4,688.8,648.1,695.4,656.8,694.7,655.6,706.1,674.6,136414,38304,33785,26275,-1035,1918,38.60000000000002,39.10000000000002
2022,2022-09-05,sc2210,sc2211,20220905 19:56:30,701.5,662,704.9,669.4,687.2,654.1,703.9,668.4,695.9,662.2,694.7,655.6,135891,39022,32931,26973,-854,698,35.5,33.69999999999993
2022,2022-09-06,sc2210,sc2211,20220906 19:56:30,709.7,673,715.4,677.8,699,663.3,703.5,667.1,708,670.5,695.9,662.2,94958,33102,31911,26666,-1020,-307,36.39999999999998,37.5
2022,2022-09-07,sc2210,sc2211,20220907 19:56:30,692.6,656.5,699,662.4,680,642.3,684.1,646.3,689.7,652.7,708,670.5,120851,44946,29007,27499,-2904,833,37.80000000000007,37.0
2022,2022-09-08,sc2210,sc2211,20220908 19:56:30,686.8,649,686.8,649,663.1,620.6,664.9,621.5,675.3,632.7,689.7,652.7,132491,71520,25490,33539,-3517,6040,43.39999999999998,42.59999999999991
2022,2022-09-09,sc2210,sc2211,20220909 19:56:30,665.7,623.7,675,632.5,661.1,619.5,672,626.9,669.2,626.5,675.3,632.7,105443,69586,18446,36179,-7044,2640,45.10000000000002,42.700000000000045
2022,2022-09-13,sc2210,sc2211,20220913 19:56:30,699,650,725.4,657.6,688.6,640.9,703.9,649.3,705.2,650.2,669.2,626.5,33978,64297,8123,35741,-10323,-438,54.60000000000002,55.0
2022,2022-09-14,sc2210,sc2211,20220914 19:56:30,701.2,644.9,704.5,653.6,678.7,636.7,697.4,646.5,691.8,645,705.2,650.2,3687,162182,6428,36786,-1695,1045,50.89999999999998,46.799999999999955
2022,2022-09-15,sc2210,sc2211,20220915 19:56:30,704.8,649,728.8,680.3,696.7,647.4,726.7,675.9,722.6,664.8,691.8,645,1897,189650,5394,39617,-1034,2831,50.80000000000007,57.80000000000007
2023,2022-12-01,sc2310,sc2311,20221201 19:56:30,,565.1,,565.1,,565.1,565.8,565.1,565.8,565.1,565.8,563.5,0,65,1,68,0,65,0.6999999999999318,0.6999999999999318
2023,2022-12-02,sc2310,sc2311,20221202 19:56:30,,,,,,,567.2,566,567.2,566,565.8,565.1,0,0,1,68,0,0,1.2000000000000455,1.2000000000000455
2023,2022-12-05,sc2310,sc2311,20221205 19:56:30,,567.3,,567.3,,567.3,567.2,567.3,567.2,567.3,567.2,566,0,1,1,67,0,-1,-0.09999999999990905,-0.09999999999990905
2023,2022-12-06,sc2310,sc2311,20221206 19:56:30,,558,,561,,546.1,567.2,560.5,567.2,557.2,567.2,567.3,0,5,1,68,0,1,6.7000000000000455,10.0
2023,2022-12-07,sc2310,sc2311,20221207 19:56:30,,541,,541,,541,567.2,541,567.2,541,567.2,557.2,0,1,1,67,0,-1,26.200000000000045,26.200000000000045
2023,2022-12-08,sc2310,sc2311,20221208 19:56:30,,541,,541,,541,536.7,541,536.7,541,567.2,541,0,1,1,67,0,0,-4.2999999999999545,-4.2999999999999545
2023,2022-12-09,sc2310,sc2311,20221209 19:56:30,,,,,,,527.1,527.6,527.1,527.6,536.7,541,0,0,1,67,0,0,-0.5,-0.5
2023,2022-12-12,sc2310,sc2311,20221212 19:56:30,,,,,,,527.1,527.6,527.1,527.6,527.1,527.6,0,0,1,67,0,0,-0.5,-0.5
2023,2022-12-13,sc2310,sc2311,20221213 19:56:30,,,,,,,527.7,527.6,527.7,527.6,527.1,527.6,0,0,1,67,0,0,0.10000000000002274,0.10000000000002274
2023,2022-12-14,sc2310,sc2311,20221214 19:56:30,,,,,,,531.2,531.2,531.2,531.2,527.7,527.6,0,0,1,67,0,0,0.0,0.0
2023,2022-12-15,sc2310,sc2311,20221215 19:56:30,,,,,,,540.6,537.7,540.6,537.7,531.2,531.2,0,0,1,67,0,0,2.8999999999999773,2.8999999999999773
2023,2022-12-16,sc2310,sc2311,20221216 19:56:30,,,,,,,540.6,537.7,540.6,537.7,540.6,537.7,0,0,1,67,0,0,2.8999999999999773,2.8999999999999773
2023,2022-12-19,sc2310,sc2311,20221219 19:56:30,,537.7,,537.7,,537.7,531.6,537.7,531.6,537.7,540.6,537.7,0,1,1,67,0,0,-6.100000000000023,-6.100000000000023
2023,2022-12-20,sc2310,sc2311,20221220 19:56:30,,,,,,,536.7,537.7,536.7,537.7,531.6,537.7,0,0,1,67,0,0,-1.0,-1.0
2023,2022-12-21,sc2310,sc2311,20221221 19:56:30,,,,,,,537.5,537.7,537.5,537.7,536.7,537.7,0,0,1,67,0,0,-0.20000000000004547,-0.20000000000004547
2023,2022-12-22,sc2310,sc2311,20221222 19:56:30,,,,,,,546,537.7,546,537.7,537.5,537.7,0,0,1,67,0,0,8.299999999999955,8.299999999999955
2023,2022-12-23,sc2310,sc2311,20221223 19:56:30,,,,,,,546,537.7,546,537.7,546,537.7,0,0,1,67,0,0,8.299999999999955,8.299999999999955
2023,2022-12-26,sc2310,sc2311,20221226 19:56:30,,,,,,,555,549.7,555,549.7,546,537.7,0,0,1,67,0,0,5.2999999999999545,5.2999999999999545
2023,2022-12-27,sc2310,sc2311,20221227 19:56:30,,555.1,,569.7,,555.1,556.7,569.7,556.7,562.4,555,549.7,0,2,1,68,0,1,-13.0,-5.699999999999932
2023,2022-12-28,sc2310,sc2311,20221228 19:56:30,,,,,,,556.7,562.4,556.7,562.4,556.7,562.4,0,0,1,68,0,0,-5.699999999999932,-5.699999999999932
2023,2022-12-29,sc2310,sc2311,20221229 19:56:30,,,,,,,552.9,560,552.9,560,556.7,562.4,0,0,1,68,0,0,-7.100000000000023,-7.100000000000023
2023,2022-12-30,sc2310,sc2311,20221230 19:56:30,,,,,,,552.9,560,552.9,560,552.9,560,0,0,1,68,0,0,-7.100000000000023,-7.100000000000023
2023,2023-01-03,sc2310,sc2311,20230103 19:56:30,,,,,,,552.9,560,552.9,560,552.9,560,0,0,1,68,0,0,-7.100000000000023,-7.100000000000023
2023,2023-01-04,sc2310,sc2311,20230104 19:56:30,,560,,560,,560,546.5,560,546.5,560,552.9,560,0,65,1,3,0,-65,-13.5,-13.5
2023,2023-01-05,sc2310,sc2311,20230105 19:56:30,,,,,,,530.1,543.2,530.1,543.2,546.5,560,0,0,1,3,0,0,-13.100000000000023,-13.100000000000023
2023,2023-01-06,sc2310,sc2311,20230106 19:56:30,,,,,,,528.4,540.2,528.4,540.2,530.1,543.2,0,0,1,3,0,0,-11.800000000000068,-11.800000000000068
2023,2023-01-09,sc2310,sc2311,20230109 19:56:30,,,,,,,528.4,537.8,528.4,537.8,528.4,540.2,0,0,1,3,0,0,-9.399999999999977,-9.399999999999977
2023,2023-01-10,sc2310,sc2311,20230110 19:56:30,,,,,,,528.4,537.6,528.4,537.6,528.4,537.8,0,0,1,3,0,0,-9.200000000000045,-9.200000000000045
2023,2023-01-11,sc2310,sc2311,20230111 19:56:30,,,,,,,528.4,533.3,528.4,533.3,528.4,537.6,0,0,1,3,0,0,-4.899999999999977,-4.899999999999977
2023,2023-01-12,sc2310,sc2311,20230112 19:56:30,,,,,,,529.8,533.3,529.8,533.3,528.4,533.3,0,0,1,3,0,0,-3.5,-3.5
2023,2023-01-13,sc2310,sc2311,20230113 19:56:30,,,,,,,537.4,533.3,537.4,533.3,529.8,533.3,0,0,1,3,0,0,4.100000000000023,4.100000000000023
2023,2023-01-16,sc2310,sc2311,20230116 19:56:30,,,,,,,537.4,535.3,537.4,535.3,537.4,533.3,0,0,1,3,0,0,2.1000000000000227,2.1000000000000227
2023,2023-01-17,sc2310,sc2311,20230117 19:56:30,,,,,,,539.4,540.9,539.4,540.9,537.4,535.3,0,0,1,3,0,0,-1.5,-1.5
2023,2023-01-18,sc2310,sc2311,20230118 19:56:30,,,,,,,539.4,547.9,539.4,547.9,539.4,540.9,0,0,1,3,0,0,-8.5,-8.5
2023,2023-01-19,sc2310,sc2311,20230119 19:56:30,,,,,,,539.4,533.4,539.4,533.4,539.4,547.9,0,0,1,3,0,0,6.0,6.0
2023,2023-01-20,sc2310,sc2311,20230120 19:56:30,,,,,,,545.9,539.8,545.9,539.8,539.4,533.4,0,0,1,3,0,0,6.100000000000023,6.100000000000023
2023,2023-01-30,sc2310,sc2311,20230130 19:56:30,,,,,,,545.9,539.8,545.9,539.8,545.9,539.8,0,0,1,3,0,0,6.100000000000023,6.100000000000023
2023,2023-01-31,sc2310,sc2311,20230131 19:56:30,,,,,,,545.9,539.8,545.9,539.8,545.9,539.8,0,0,1,3,0,0,6.100000000000023,6.100000000000023
2023,2023-02-01,sc2310,sc2311,20230201 19:56:30,,,,,,,545.9,539.8,545.9,539.8,545.9,539.8,0,0,1,3,0,0,6.100000000000023,6.100000000000023
2023,2023-02-02,sc2310,sc2311,20230202 19:56:30,,,,,,,545.9,539.8,545.9,539.8,545.9,539.8,0,0,1,3,0,0,6.100000000000023,6.100000000000023
2023,2023-02-03,sc2310,sc2311,20230203 19:56:30,,,,,,,532,539.8,532,539.8,545.9,539.8,0,0,1,3,0,0,-7.7999999999999545,-7.7999999999999545
2023,2023-02-06,sc2310,sc2311,20230206 19:56:30,,,,,,,529.5,539.8,529.5,539.8,532,539.8,0,0,1,3,0,0,-10.299999999999955,-10.299999999999955
2023,2023-02-07,sc2310,sc2311,20230207 19:56:30,545.6,,545.7,,545.6,,545.7,539.8,545.6,539.8,529.5,539.8,2,0,3,3,2,0,5.900000000000091,5.800000000000068
2023,2023-02-08,sc2310,sc2311,20230208 19:56:30,,,,,,,557.3,539.8,557.3,539.8,545.6,539.8,0,0,3,3,0,0,17.5,17.5
2023,2023-02-09,sc2310,sc2311,20230209 19:56:30,,,,,,,566.4,544.5,566.4,544.5,557.3,539.8,0,0,3,3,0,0,21.899999999999977,21.899999999999977
2023,2023-02-10,sc2310,sc2311,20230210 19:56:30,552.1,,552.1,,552.1,,552.1,544.5,552.1,544.5,566.4,544.5,1,0,4,3,1,0,7.600000000000023,7.600000000000023
2023,2023-02-13,sc2310,sc2311,20230213 19:56:30,,,,,,,552.1,544.5,552.1,544.5,552.1,544.5,0,0,4,3,0,0,7.600000000000023,7.600000000000023
2023,2023-02-14,sc2310,sc2311,20230214 19:56:30,,,,,,,557.4,548.2,557.4,548.2,552.1,544.5,0,0,4,3,0,0,9.199999999999932,9.199999999999932
2023,2023-02-15,sc2310,sc2311,20230215 19:56:30,555.2,,555.2,,546.9,,546.9,548.2,551.1,548.2,557.4,548.2,3,0,6,3,2,0,-1.3000000000000682,2.8999999999999773
2023,2023-02-16,sc2310,sc2311,20230216 19:56:30,,,,,,,552.8,550.9,552.8,550.9,551.1,548.2,0,0,6,3,0,0,1.8999999999999773,1.8999999999999773
2023,2023-02-17,sc2310,sc2311,20230217 19:56:30,,,,,,,552.8,550.9,552.8,550.9,552.8,550.9,0,0,6,3,0,0,1.8999999999999773,1.8999999999999773
2023,2023-02-20,sc2310,sc2311,20230220 19:56:30,,,,,,,552.8,545.9,552.8,545.9,552.8,550.9,0,0,6,3,0,0,6.899999999999977,6.899999999999977
2023,2023-02-21,sc2310,sc2311,20230221 19:56:30,,,,,,,552.8,545.9,552.8,545.9,552.8,545.9,0,0,6,3,0,0,6.899999999999977,6.899999999999977
2023,2023-02-22,sc2310,sc2311,20230222 19:56:30,,,,,,,552.3,545.9,552.3,545.9,552.8,545.9,0,0,6,3,0,0,6.399999999999977,6.399999999999977
2023,2023-02-23,sc2310,sc2311,20230223 19:56:30,,,,,,,547.8,545,547.8,545,552.3,545.9,0,0,6,3,0,0,2.7999999999999545,2.7999999999999545
2023,2023-02-24,sc2310,sc2311,20230224 19:56:30,,,,,,,547.8,545,547.8,545,547.8,545,0,0,6,3,0,0,2.7999999999999545,2.7999999999999545
2023,2023-02-27,sc2310,sc2311,20230227 19:56:30,,,,,,,547.8,545,547.8,545,547.8,545,0,0,6,3,0,0,2.7999999999999545,2.7999999999999545
2023,2023-02-28,sc2310,sc2311,20230228 19:56:30,,,,,,,547.8,545,547.8,545,547.8,545,0,0,6,3,0,0,2.7999999999999545,2.7999999999999545
2023,2023-03-01,sc2310,sc2311,20230301 19:56:30,,,,,,,547.8,547.1,547.8,547.1,547.8,545,0,0,6,3,0,0,0.6999999999999318,0.6999999999999318
2023,2023-03-02,sc2310,sc2311,20230302 19:56:30,553.7,,553.7,,553.7,,553.7,552.9,553.7,552.9,547.8,547.1,3,0,3,3,-3,0,0.8000000000000682,0.8000000000000682
2023,2023-03-03,sc2310,sc2311,20230303 19:56:30,,,,,,,553.7,562.4,553.7,562.4,553.7,552.9,0,0,3,3,0,0,-8.699999999999932,-8.699999999999932
2023,2023-03-06,sc2310,sc2311,20230306 19:56:30,,,,,,,554.2,562.4,554.2,562.4,553.7,562.4,0,0,3,3,0,0,-8.199999999999932,-8.199999999999932
2023,2023-03-07,sc2310,sc2311,20230307 19:56:30,,,,,,,564.4,562.7,564.4,562.7,554.2,562.4,0,0,3,3,0,0,1.6999999999999318,1.6999999999999318
2023,2023-03-08,sc2310,sc2311,20230308 19:56:30,,,,,,,561.5,562.7,561.5,562.7,564.4,562.7,0,0,3,3,0,0,-1.2000000000000455,-1.2000000000000455
2023,2023-03-09,sc2310,sc2311,20230309 19:56:30,,560,,560,,560,561.5,560,561.5,560,561.5,562.7,0,1,3,3,0,0,1.5,1.5
2023,2023-03-10,sc2310,sc2311,20230310 19:56:30,,,,,,,554.3,553.8,554.3,553.8,561.5,560,0,0,3,3,0,0,0.5,0.5
2023,2023-03-13,sc2310,sc2311,20230313 19:56:30,,,,,,,554.3,553.8,554.3,553.8,554.3,553.8,0,0,3,3,0,0,0.5,0.5
2023,2023-03-14,sc2310,sc2311,20230314 19:56:30,,,,,,,554.3,542.6,554.3,542.6,554.3,553.8,0,0,3,3,0,0,11.699999999999932,11.699999999999932
2023,2023-03-15,sc2310,sc2311,20230315 19:56:30,,,,,,,536.1,542.6,536.1,542.6,554.3,542.6,0,0,3,3,0,0,-6.5,-6.5
2023,2023-03-16,sc2310,sc2311,20230316 19:56:30,,518.8,,518.8,,518.8,511.9,518.8,511.9,518.8,536.1,542.6,0,1,3,4,0,1,-6.899999999999977,-6.899999999999977
2023,2023-03-17,sc2310,sc2311,20230317 19:56:30,,514.5,,514.5,,514.5,511.9,514.5,511.9,514.5,511.9,518.8,0,1,3,4,0,0,-2.6000000000000227,-2.6000000000000227
2023,2023-03-20,sc2310,sc2311,20230320 19:56:30,497.1,,497.1,,494,,494,492.5,496,492.5,511.9,514.5,8,0,7,4,4,0,1.5,3.5
2023,2023-03-21,sc2310,sc2311,20230321 19:56:30,493.4,,493.4,,493.4,,493.4,492.5,493.4,492.5,496,492.5,1,0,7,4,0,0,0.8999999999999773,0.8999999999999773
2023,2023-03-22,sc2310,sc2311,20230322 19:56:30,510.4,,510.4,,503.4,,506.8,499.3,506.4,499.3,493.4,492.5,5,0,7,4,0,0,7.5,7.099999999999966
2023,2023-03-23,sc2310,sc2311,20230323 19:56:30,,,,,,,509.8,503.2,509.8,503.2,506.4,499.3,0,0,7,4,0,0,6.600000000000023,6.600000000000023
2023,2023-03-24,sc2310,sc2311,20230324 19:56:30,516.1,505.4,516.1,505.4,506.6,505.4,506.6,505.4,509.8,505.4,509.8,503.2,3,1,10,4,3,0,1.2000000000000455,4.400000000000034
2023,2023-03-27,sc2310,sc2311,20230327 19:56:30,506,,506,,506,,506,505.4,506,505.4,509.8,505.4,1,0,10,4,0,0,0.6000000000000227,0.6000000000000227
2023,2023-03-28,sc2310,sc2311,20230328 19:56:30,524,,526.3,,523.2,,523.2,514.1,523.9,514.1,506,505.4,7,0,11,4,1,0,9.100000000000023,9.799999999999955
2023,2023-03-29,sc2310,sc2311,20230329 19:56:30,,,,,,,523.9,519.3,523.9,519.3,523.9,514.1,0,0,11,4,0,0,4.600000000000023,4.600000000000023
2023,2023-03-30,sc2310,sc2311,20230330 19:56:30,532.5,,532.5,,527.8,,527.8,523,527.8,523,523.9,519.3,51,0,62,4,51,0,4.7999999999999545,4.7999999999999545
2023,2023-03-31,sc2310,sc2311,20230331 19:56:30,,,,,,,527.8,523,527.8,523,527.8,523,0,0,62,4,0,0,4.7999999999999545,4.7999999999999545
2023,2023-04-03,sc2310,sc2311,20230403 19:56:30,567,,567,,565.5,,565.5,554,566.2,554,527.8,523,2,0,63,4,1,0,11.5,12.200000000000045
2023,2023-04-04,sc2310,sc2311,20230404 19:56:30,565.5,,574.1,,565.5,,574.1,559.4,570.7,559.4,566.2,554,3,0,65,4,2,0,14.700000000000045,11.300000000000068
2023,2023-04-06,sc2310,sc2311,20230406 19:56:30,573.4,,574.4,,573.4,,574.4,564.2,573.9,564.2,570.7,559.4,2,0,63,4,-2,0,10.199999999999932,9.699999999999932
2023,2023-04-07,sc2310,sc2311,20230407 19:56:30,575.7,573.6,579.7,573.6,575,573.6,579.3,573.6,577.8,573.6,573.9,564.2,10,1,68,5,5,1,5.699999999999932,4.199999999999932
2023,2023-04-10,sc2310,sc2311,20230410 19:56:30,574.5,,574.5,,574.5,,574.5,573.6,574.5,573.6,577.8,573.6,1,0,67,5,-1,0,0.8999999999999773,0.8999999999999773
2023,2023-04-11,sc2310,sc2311,20230411 19:56:30,,,,,,,574.5,573.6,574.5,573.6,574.5,573.6,0,0,67,5,0,0,0.8999999999999773,0.8999999999999773
2023,2023-04-12,sc2310,sc2311,20230412 19:56:30,572.4,,576.8,,572.4,,576.8,573.6,573.5,573.6,574.5,573.6,4,0,66,5,-1,0,3.199999999999932,-0.10000000000002274
2023,2023-04-13,sc2310,sc2311,20230413 19:56:30,578.8,,581.8,,578.8,,581.3,573.6,580.6,573.6,573.5,573.6,3,0,65,5,-1,0,7.699999999999932,7.0
2023,2023-04-14,sc2310,sc2311,20230414 19:56:30,582.4,,582.4,,582,,582,573.6,582.2,573.6,580.6,573.6,2,0,65,5,0,0,8.399999999999977,8.600000000000023
2023,2023-04-17,sc2310,sc2311,20230417 19:56:30,580.5,,581,,577.1,,578.9,573.6,579.3,573.6,582.2,573.6,4,0,67,5,2,0,5.2999999999999545,5.699999999999932
2023,2023-04-18,sc2310,sc2311,20230418 19:56:30,576.4,,576.4,,575.2,,575.2,573.6,575.8,573.6,579.3,573.6,2,0,68,5,1,0,1.6000000000000227,2.199999999999932
2023,2023-04-19,sc2310,sc2311,20230419 19:56:30,573.8,,577.3,,569.6,,574.7,573.6,572.6,573.6,575.8,573.6,50,0,70,5,2,0,1.1000000000000227,-1.0
2023,2023-04-20,sc2310,sc2311,20230420 19:56:30,567.3,558.5,568.2,558.5,555.8,558.5,559.4,558.5,562.7,558.5,572.6,573.6,23,1,68,5,-2,0,0.8999999999999773,4.2000000000000455
2023,2023-04-21,sc2310,sc2311,20230421 19:56:30,555.3,,555.3,,548,,548,554.7,549.7,554.7,562.7,558.5,11,0,71,5,3,0,-6.7000000000000455,-5.0
2023,2023-04-24,sc2310,sc2311,20230424 19:56:30,555.5,,555.5,,547,,547,554.4,550.8,554.4,549.7,554.7,6,0,72,5,1,0,-7.399999999999977,-3.6000000000000227
2023,2023-04-25,sc2310,sc2311,20230425 19:56:30,552.7,,562.9,,552.7,,562.9,554.4,561.2,554.4,550.8,554.4,16,0,80,5,8,0,8.5,6.800000000000068
2023,2023-04-26,sc2310,sc2311,20230426 19:56:30,557.9,557.6,559.3,558.6,548.7,550,554.5,550,553.8,554.8,561.2,554.4,84,4,107,5,27,0,4.5,-1.0
2023,2023-04-27,sc2310,sc2311,20230427 19:56:30,547.3,544.8,548.6,545,527.4,532.6,528.5,532.6,539.5,542.5,553.8,554.8,146,7,159,7,52,2,-4.100000000000023,-3.0
2023,2023-04-28,sc2310,sc2311,20230428 19:56:30,528.5,532,533.2,533.6,527.4,532,532.2,533.6,531.4,532.8,539.5,542.5,49,3,156,8,-3,1,-1.3999999999999773,-1.3999999999999773
2023,2023-05-04,sc2310,sc2311,20230504 19:56:30,495.7,493.3,502,501,491.1,493.3,501.1,500.3,498.2,499.1,531.4,532.8,127,13,207,19,51,11,0.8000000000000114,-0.9000000000000341
2023,2023-05-05,sc2310,sc2311,20230505 19:56:30,495.5,497.1,501.9,497.1,491.5,494.6,499.8,494.6,496.2,496.2,498.2,499.1,175,3,239,20,32,1,5.199999999999989,0.0
2023,2023-05-08,sc2310,sc2311,20230508 19:56:30,503.7,510.8,516.6,510.8,503.7,510.8,516.6,510.8,511.3,510.8,496.2,496.2,110,1,242,20,3,0,5.800000000000011,0.5
2023,2023-05-09,sc2310,sc2311,20230509 19:56:30,523.8,520.3,525,521.8,518,520.3,518,521.8,522.6,521.2,511.3,510.8,98,3,237,19,-5,-1,-3.7999999999999545,1.3999999999999773
2023,2023-05-10,sc2310,sc2311,20230510 19:56:30,519.1,521.1,525,521.1,512,521.1,520.6,521.1,519.1,521.1,522.6,521.2,67,1,237,18,0,-1,-0.5,-2.0
2023,2023-05-11,sc2310,sc2311,20230511 19:56:30,523.5,520.3,523.6,520.3,511.3,520.3,516.6,520.3,517.3,520.3,519.1,521.1,92,1,255,17,18,-1,-3.699999999999932,-3.0
2023,2023-05-12,sc2310,sc2311,20230512 19:56:30,508.8,510.1,512.9,510.1,501.7,504.7,501.7,504.7,507,506.8,517.3,520.3,152,3,294,17,39,0,-3.0,0.19999999999998863
2023,2023-05-15,sc2310,sc2311,20230515 19:56:30,502.7,507.7,510.6,507.7,497,500.6,500.4,500.6,502.5,503.1,507,506.8,324,4,506,17,212,0,-0.20000000000004547,-0.6000000000000227
2023,2023-05-16,sc2310,sc2311,20230516 19:56:30,503.8,504.7,514.7,505.6,503.8,504.7,509.7,505.6,509.1,505.1,502.5,503.1,101,2,517,16,11,-1,4.099999999999966,4.0
2023,2023-05-17,sc2310,sc2311,20230517 19:56:30,509.9,505.6,515.1,509.3,504,505.6,505.3,506.9,509.1,507.7,509.1,505.1,144,4,526,18,9,2,-1.599999999999966,1.400000000000034
2023,2023-05-18,sc2310,sc2311,20230518 19:56:30,510.5,506.9,523,522,510.5,506.9,522.4,521.5,515.5,517.1,509.1,507.7,160,13,524,22,-2,4,0.8999999999999773,-1.6000000000000227
2023,2023-05-19,sc2310,sc2311,20230519 19:56:30,519.6,521.5,527.9,527.2,516.6,519.4,525.5,527.2,522.3,522,515.5,517.1,118,14,525,25,1,3,-1.7000000000000455,0.2999999999999545
2023,2023-05-22,sc2310,sc2311,20230522 19:56:30,529.6,526.7,530.3,526.7,509,511,510.7,515.5,517.6,514.9,522.3,522,240,24,527,28,2,3,-4.800000000000011,2.7000000000000455
2023,2023-05-23,sc2310,sc2311,20230523 19:56:30,515.2,514.8,520.2,519.4,513.8,514.8,517.9,519.3,517.4,517.8,517.6,514.9,132,5,528,26,1,-2,-1.3999999999999773,-0.39999999999997726
2023,2023-05-24,sc2310,sc2311,20230524 19:56:30,524,525,529.5,525,520.6,525,527.3,525,525,525,517.4,517.8,163,1,530,26,2,0,2.2999999999999545,0.0
2023,2023-05-25,sc2310,sc2311,20230525 19:56:30,528.5,528.8,533.5,532.1,524,527.6,530,530.8,529.9,530.2,525,525,144,7,539,26,9,0,-0.7999999999999545,-0.3000000000000682
2023,2023-05-26,sc2310,sc2311,20230526 19:56:30,525.9,526.7,525.9,526.7,514.3,514.5,520.4,521,518.6,518.5,529.9,530.2,2160,93,538,59,-1,33,-0.6000000000000227,0.10000000000002274
2023,2023-05-29,sc2310,sc2311,20230529 19:56:30,525.7,527.2,532.8,533.2,523.4,524.5,529.9,529.8,526.6,527.9,518.6,518.5,2932,43,572,48,34,-11,0.10000000000002274,-1.2999999999999545
2023,2023-05-30,sc2310,sc2311,20230530 19:56:30,522,522.4,536,535.2,521.3,521.9,526.8,524.9,525.7,527.8,526.6,527.9,1764,22,572,47,0,-1,1.8999999999999773,-2.099999999999909
2023,2023-05-31,sc2310,sc2311,20230531 19:56:30,517.6,512,518.5,513.4,504.4,504.5,505.2,505,509.2,507.6,525.7,527.8,4242,68,608,69,36,22,0.19999999999998863,1.599999999999966
2023,2023-06-01,sc2310,sc2311,20230601 19:56:30,493,493.5,508.1,507.2,492.6,493.5,506.3,507.2,503.2,501.3,509.2,507.6,4379,94,635,101,27,32,-0.8999999999999773,1.8999999999999773
2023,2023-06-02,sc2310,sc2311,20230602 19:56:30,503.4,501.1,519.5,519.1,499.5,500.5,519,519.1,509.6,512.8,503.2,501.3,4779,169,643,127,8,26,-0.10000000000002274,-3.199999999999932
2023,2023-06-05,sc2310,sc2311,20230605 19:56:30,527,522.2,532.1,529.5,519.1,518.8,528.7,527.7,523.6,523.3,509.6,512.8,4232,52,659,128,16,1,1.0,0.3000000000000682
2023,2023-06-06,sc2310,sc2311,20230606 19:56:30,531.8,530.9,533.3,532.9,523.5,523.7,523.8,523.7,528.5,527.8,523.6,523.3,5678,76,657,139,-2,11,0.09999999999990905,0.7000000000000455
2023,2023-06-07,sc2310,sc2311,20230607 19:56:30,520.3,520,528.6,527.5,519.3,519.5,524.1,522.4,524.2,523.5,528.5,527.8,4557,70,659,147,2,8,1.7000000000000455,0.7000000000000455
2023,2023-06-08,sc2310,sc2311,20230608 19:56:30,532,530,535.4,534.1,527.1,526.7,534.5,532.9,532.1,530.5,524.2,523.5,4187,77,665,154,6,7,1.6000000000000227,1.6000000000000227
2023,2023-06-09,sc2310,sc2311,20230609 19:56:30,535.6,533,535.6,533.1,514.6,514.5,524.8,524.1,525.5,525,532.1,530.5,6668,153,683,164,18,10,0.6999999999999318,0.5
2023,2023-06-12,sc2310,sc2311,20230612 19:56:30,529.1,528.4,529.9,528.4,515.2,515.1,516.6,516.1,524.3,521,525.5,525,6340,98,966,179,283,15,0.5,3.2999999999999545
2023,2023-06-13,sc2310,sc2311,20230613 19:56:30,510,508,512.3,511.8,506.2,505.9,510.6,509.6,509.4,508.5,524.3,521,6013,140,1159,205,193,26,1.0,0.8999999999999773
2023,2023-06-14,sc2310,sc2311,20230614 19:56:30,519,519,526.3,524.1,516.5,516.5,526.3,523.4,520.5,519.6,509.4,508.5,3749,102,1197,200,38,-5,2.8999999999999773,0.8999999999999773
2023,2023-06-15,sc2310,sc2311,20230615 19:56:30,526.3,525.7,528.2,526.6,514.6,513.9,517.9,516,519.4,521.2,520.5,519.6,7715,176,1271,236,74,36,1.8999999999999773,-1.8000000000000682
2023,2023-06-16,sc2310,sc2311,20230616 19:56:30,520,518.1,530.1,528.7,519.8,518.1,529.4,527.9,526.5,525.1,519.4,521.2,7115,103,1326,247,55,11,1.5,1.3999999999999773
2023,2023-06-19,sc2310,sc2311,20230619 19:56:30,531.5,530.1,532.9,531.4,524.5,523.6,529.1,528.3,528.7,528,526.5,525.1,6916,171,1548,249,222,2,0.8000000000000682,0.7000000000000455
2023,2023-06-20,sc2310,sc2311,20230620 19:56:30,534.1,533,536.8,535.1,530.9,530.3,533.9,532,533.9,533,528.7,528,8095,88,1561,239,13,-10,1.8999999999999773,0.8999999999999773
2023,2023-06-21,sc2310,sc2311,20230621 19:56:30,532.6,532,549.7,546.8,528,527.6,544.1,541.9,538.8,538.4,533.9,533,16395,811,2683,410,1122,171,2.2000000000000455,0.39999999999997726
2023,2023-06-26,sc2310,sc2311,20230626 19:56:30,535.5,535.9,540.9,536.4,532.9,529.4,538.4,534.7,535.9,532.5,538.8,538.4,3274,1092,2750,453,67,43,3.699999999999932,3.3999999999999773
2023,2023-06-27,sc2310,sc2311,20230627 19:56:30,534.7,533.8,542.6,538.9,533.2,529.6,538.1,534.3,537.8,534.3,535.9,532.5,13192,4484,3190,438,440,-15,3.800000000000068,3.5
2023,2023-06-28,sc2310,sc2311,20230628 19:56:30,532,530.7,537.4,534.2,526.2,523,529.4,526.4,531.4,528.2,537.8,534.3,14670,5113,3621,466,431,28,3.0,3.199999999999932
2023,2023-06-29,sc2310,sc2311,20230629 19:56:30,527.3,524,540.6,537.1,526.5,523.5,539.1,535.9,534.6,531.2,531.4,528.2,15893,4188,4239,489,618,23,3.2000000000000455,3.3999999999999773
2023,2023-06-30,sc2310,sc2311,20230630 19:56:30,539.2,535.9,545.1,542.3,535.8,532.2,542.1,538.8,541.1,537.6,534.6,531.2,14573,5010,4708,467,469,-22,3.300000000000068,3.5
2023,2023-07-03,sc2310,sc2311,20230703 19:56:30,547.2,543.7,551.1,547,543.3,539.5,548.5,544.4,547.4,543.5,541.1,537.6,13253,2814,6255,603,1547,136,4.100000000000023,3.8999999999999773
2023,2023-07-04,sc2310,sc2311,20230704 19:56:30,553.9,547.1,554,550.5,544.2,540.5,547,543.6,548.8,544.9,547.4,543.5,16336,6869,7370,740,1115,137,3.3999999999999773,3.8999999999999773
2023,2023-07-05,sc2310,sc2311,20230705 19:56:30,551.6,547.1,553.5,549.8,548.7,544.9,551.6,547.8,551.3,547.6,548.8,544.9,9388,2834,7409,815,39,75,3.800000000000068,3.699999999999932
2023,2023-07-06,sc2310,sc2311,20230706 19:56:30,554.3,550.1,560,556.6,552.5,548.9,556.1,552.6,556.8,553.3,551.3,547.6,15361,5844,7562,850,153,35,3.5,3.5
2023,2023-07-07,sc2310,sc2311,20230707 19:56:30,554,551.1,562,558.2,549.2,546.3,560.4,557.1,554.6,551.3,556.8,553.3,26623,10660,7709,876,147,26,3.2999999999999545,3.300000000000068
2023,2023-07-10,sc2310,sc2311,20230710 19:56:30,558.3,556.9,568,564,555.3,552.7,564.2,560.7,562.4,559.5,554.6,551.3,20202,9549,8162,972,453,96,3.5,2.8999999999999773
2023,2023-07-11,sc2310,sc2311,20230711 19:56:30,563.4,559.9,568.2,564.6,561.5,558.3,563.7,559.9,565.2,561.9,562.4,559.5,22028,10183,8792,935,630,-37,3.800000000000068,3.300000000000068
2023,2023-07-12,sc2310,sc2311,20230712 19:56:30,563.3,561.8,575.8,571.9,563.3,561.4,572.1,567.8,571,567.1,565.2,561.9,17772,10505,9745,1122,953,187,4.300000000000068,3.8999999999999773
2023,2023-07-13,sc2310,sc2311,20230713 19:56:30,575.8,571.8,578.8,574.6,573.1,569,577.6,573.3,576.3,572.3,571,567.1,18734,12214,9796,1225,51,103,4.300000000000068,4.0
2023,2023-07-14,sc2310,sc2311,20230714 19:56:30,575.5,571.4,585.1,580.5,574.6,570.9,581.5,577.5,580.7,576.9,576.3,572.3,23867,12437,10758,1202,962,-23,4.0,3.800000000000068
2023,2023-07-17,sc2310,sc2311,20230717 19:56:30,583.1,579.9,583.7,579.9,568.9,565.3,569.8,565.8,574.6,570.3,580.7,576.9,23286,9911,11004,1165,246,-37,4.0,4.300000000000068
2023,2023-07-18,sc2310,sc2311,20230718 19:56:30,571.2,565.6,574.6,570.1,568.1,564.3,571.1,566.9,571.8,567.7,574.6,570.3,19203,7973,11537,1534,533,369,4.2000000000000455,4.099999999999909
2023,2023-07-19,sc2310,sc2311,20230719 19:56:30,570.8,566.7,581.4,577.6,570.6,566.7,581,577.3,577.3,573.8,571.8,567.7,23135,8304,11047,1534,-490,0,3.7000000000000455,3.5
2023,2023-07-20,sc2310,sc2311,20230720 19:56:30,584.1,580,590.2,586.1,577.2,573,579,574.6,583.9,579.4,577.3,573.8,34042,11531,10374,2043,-673,509,4.399999999999977,4.5
2023,2023-07-21,sc2310,sc2311,20230721 19:56:30,580.4,576,585.4,581.6,573.5,569.7,583.8,579,580.6,577.1,583.9,579.4,30302,13513,10103,2850,-271,807,4.7999999999999545,3.5
2023,2023-07-24,sc2310,sc2311,20230724 19:56:30,586.3,581.6,588.4,584.3,581.4,578,586.1,581.9,584.8,580.3,580.6,577.1,31908,16168,10512,3361,409,511,4.2000000000000455,4.5
2023,2023-07-25,sc2310,sc2311,20230725 19:56:30,590.6,587.6,598.6,593.8,588.2,583.9,596.7,592.1,594.8,590.3,584.8,580.3,42390,14269,11763,3640,1251,279,4.600000000000023,4.5
2023,2023-07-26,sc2310,sc2311,20230726 19:56:30,592.7,588.2,601,596.8,591.8,587.6,598,594.4,597,593.3,594.8,590.3,19434,13627,12164,3980,401,340,3.6000000000000227,3.7000000000000455
2023,2023-07-27,sc2310,sc2311,20230727 19:56:30,595,591.8,601.8,597.9,594.9,591.4,598.9,595.2,598.7,595.1,597,593.3,25358,15272,13839,4165,1675,185,3.699999999999932,3.6000000000000227
2023,2023-07-28,sc2310,sc2311,20230728 19:56:30,602,598,606.5,602.5,598.6,594.6,604.1,600.3,602.9,599.1,598.7,595.1,26492,16982,14874,5591,1035,1426,3.800000000000068,3.7999999999999545
2023,2023-07-31,sc2310,sc2311,20230731 19:56:30,606,601.5,608,603.5,599.2,595.7,607,602.7,604,600,602.9,599.1,29867,13464,16265,5480,1391,-111,4.2999999999999545,4.0
2023,2023-08-01,sc2310,sc2311,20230801 19:56:30,611.1,606.9,616.8,612.5,610.5,605.9,615,610.7,613.5,608.9,604,600,24805,14745,18378,6676,2113,1196,4.2999999999999545,4.600000000000023
2023,2023-08-02,sc2310,sc2311,20230802 19:56:30,613,609.1,623.1,618,611.6,607,620.7,615,616.7,611.6,613.5,608.9,35447,15365,19310,7250,932,574,5.7000000000000455,5.100000000000023
2023,2023-08-03,sc2310,sc2311,20230803 19:56:30,618.6,614.5,619.7,614.5,601,596.6,601,596.8,608.6,603.5,616.7,611.6,47996,14853,16876,7662,-2434,412,4.2000000000000455,5.100000000000023
2023,2023-08-04,sc2310,sc2311,20230804 19:56:30,608.6,604.1,619.4,614.4,606.2,601.3,617.5,612.3,612.6,608,608.6,603.5,46449,10741,19790,7793,2914,131,5.2000000000000455,4.600000000000023
2023,2023-08-07,sc2310,sc2311,20230807 19:56:30,619.4,614,626.8,621.1,616,610.5,623.9,618.8,621.4,616.2,612.6,608,35986,14486,22483,8148,2693,355,5.100000000000023,5.199999999999932
2023,2023-08-08,sc2310,sc2311,20230808 19:56:30,621.2,616,623.9,618.2,617.2,612.1,617.2,612.3,620.5,615.1,621.4,616.2,33533,9570,23816,8556,1333,408,4.900000000000091,5.399999999999977
2023,2023-08-09,sc2310,sc2311,20230809 19:56:30,612,606.9,627.6,621.8,611.2,606,625.7,619.6,619.7,614.7,620.5,615.1,42972,11977,27024,9169,3208,613,6.100000000000023,5.0
2023,2023-08-10,sc2310,sc2311,20230810 19:56:30,631,624.8,636.5,629.6,627.6,621.8,634.9,628.3,632.1,626.2,619.7,614.7,44023,16477,28431,9405,1407,236,6.600000000000023,5.899999999999977
2023,2023-08-11,sc2310,sc2311,20230811 19:56:30,633,626.1,634.8,628,628.2,621.3,631.5,623.5,631.7,624.8,632.1,626.2,50214,18208,29116,10020,685,615,8.0,6.900000000000091
2023,2023-08-14,sc2310,sc2311,20230814 19:56:30,635.6,628.3,643.8,633.4,633.2,624.3,634.3,625,638.4,628.1,631.7,624.8,79089,22493,30248,11699,1132,1679,9.299999999999955,10.299999999999955
2023,2023-08-15,sc2310,sc2311,20230815 19:56:30,633.2,623.6,653.5,641.2,633,623.5,650.5,638,641.1,630.8,638.4,628.1,71767,17208,33658,12386,3410,687,12.5,10.300000000000068
2023,2023-08-16,sc2310,sc2311,20230816 19:56:30,645,631,648,635.2,638.2,625,638.5,625.4,642.5,629.8,641.1,630.8,78708,14088,32408,13112,-1250,726,13.100000000000023,12.700000000000045
2023,2023-08-17,sc2310,sc2311,20230817 19:56:30,641.4,630.5,645.8,630.7,631.6,619.3,637.4,623,639.5,624.8,642.5,629.8,103661,18670,32292,14110,-116,998,14.399999999999977,14.700000000000045
2023,2023-08-18,sc2310,sc2311,20230818 19:56:30,639.8,626.2,643.7,629,636.3,623.3,638.7,624.4,640.3,626.3,639.5,624.8,117187,17792,35553,14452,3261,342,14.300000000000068,14.0
2023,2023-08-21,sc2310,sc2311,20230821 19:56:30,634,618.1,655.8,639.3,630.5,617.6,652.9,637.4,641.1,627.6,640.3,626.3,214602,22581,39893,15044,4340,592,15.5,13.5
2023,2023-08-22,sc2310,sc2311,20230822 19:56:30,654.1,639.3,654.6,639.5,639.5,627,640.1,628.5,646.1,632.2,641.1,627.6,140193,20176,38675,15647,-1218,603,11.600000000000023,13.899999999999977
2023,2023-08-23,sc2310,sc2311,20230823 19:56:30,640,629.2,643.2,633.3,632.6,625.8,633.1,626.7,637.2,629.5,646.1,632.2,153434,29276,38061,16047,-614,400,6.399999999999977,7.7000000000000455
2023,2023-08-24,sc2310,sc2311,20230824 19:56:30,627,620.2,630.6,622.9,618.4,612.7,623.1,616.9,625.1,618.1,637.2,629.5,184375,29364,35649,16894,-2412,847,6.2000000000000455,7.0
2023,2023-08-25,sc2310,sc2311,20230825 19:56:30,623.1,617.7,636.1,626.1,619.4,613.3,632.1,624.2,627.2,619.8,625.1,618.1,165408,32189,33929,16697,-1720,-197,7.899999999999977,7.400000000000091
2023,2023-08-28,sc2310,sc2311,20230828 19:56:30,636,628.4,640.7,631.1,625.8,618.3,637.3,628.4,636.1,627.3,627.2,619.8,189665,24614,34278,16970,349,273,8.899999999999977,8.800000000000068
2023,2023-08-29,sc2310,sc2311,20230829 19:56:30,636,627.4,642.5,632.7,632.3,624.7,633.8,626.1,637.5,628.5,636.1,627.3,137758,22488,32007,16755,-2271,-215,7.699999999999932,9.0
2023,2023-08-30,sc2310,sc2311,20230830 19:56:30,637.9,630.8,645.4,635.9,630,622.9,644.5,635.6,637,630.1,637.5,628.5,147918,22111,32571,17902,564,1147,8.899999999999977,6.899999999999977
2023,2023-08-31,sc2310,sc2311,20230831 19:56:30,642.9,635.5,647,637.6,640.6,631.8,643.4,635.1,643.6,635.1,637,630.1,128124,19420,30727,18915,-1844,1013,8.299999999999955,8.5
2023,2023-09-01,sc2310,sc2311,20230901 19:56:30,649.6,640.9,655.5,647.3,644.1,636.8,654.1,645.5,648.7,641.5,643.6,635.1,133193,24707,32944,19556,2217,641,8.600000000000023,7.2000000000000455
2023,2023-09-04,sc2310,sc2311,20230904 19:56:30,659.6,651.6,671.9,659.6,657.6,649,664.8,653.4,665.4,654.4,648.7,641.5,150426,28516,32778,19348,-166,-208,11.399999999999977,11.0
2023,2023-09-05,sc2310,sc2311,20230905 19:56:30,664.7,653.6,672.4,661.3,662.4,652.8,670.2,659.5,668.1,657.7,665.4,654.4,86878,20618,31766,19391,-1012,43,10.700000000000045,10.399999999999977
2023,2023-09-06,sc2310,sc2311,20230906 19:56:30,669.3,658.7,696.7,680.9,668.6,658.3,686.6,674.8,688.4,674.3,668.1,657.7,164841,54751,32171,23044,405,3653,11.800000000000068,14.100000000000023
2023,2023-09-07,sc2310,sc2311,20230907 19:56:30,686,674.2,698.8,687.3,682.4,672.1,691.7,681.6,689.9,679.2,688.4,674.3,142437,38106,32026,24200,-145,1156,10.100000000000023,10.699999999999932
2023,2023-09-08,sc2310,sc2311,20230908 19:56:30,691.6,682,700.8,688.7,687.2,676.3,690.6,677.1,694.7,682.9,689.9,679.2,148294,39907,31936,23552,-90,-648,13.5,11.800000000000068
2023,2023-09-11,sc2310,sc2311,20230911 19:56:30,697.3,682.7,703.2,687.4,685.4,673.5,686.4,674.4,696.1,680.5,694.7,682.9,168966,47518,30602,24842,-1334,1290,12.0,15.600000000000023
2023,2023-09-12,sc2310,sc2311,20230912 19:56:30,688,675.3,699.3,686.6,687.5,675.3,696.4,685,695.6,682.6,696.1,680.5,126270,45518,29073,27234,-1529,2392,11.399999999999977,13.0
2023,2023-09-13,sc2310,sc2311,20230913 19:56:30,702.2,690.8,712.5,699.6,702.2,690.8,707.9,696.2,707.8,694.9,695.6,682.6,97029,50357,26985,27769,-2088,535,11.699999999999932,12.899999999999977
2023,2023-09-14,sc2310,sc2311,20230914 19:56:30,708.5,697.5,730,702.2,704,693.7,728.3,700.7,717.2,698.1,707.8,694.9,162649,77862,22803,31108,-4182,3339,27.59999999999991,19.100000000000023
2023,2023-09-15,sc2310,sc2311,20230915 19:56:30,735,706.5,758,712.5,730.4,703.8,735.8,705.3,736.5,707.7,717.2,698.1,112222,86108,17272,34010,-5531,2902,30.5,28.799999999999955
2024,2023-12-01,sc2410,sc2411,20231201 19:56:30,,,,,,,577.7,577,577.7,577,582.4,579.6,0,0,5,2,0,0,0.7000000000000455,0.7000000000000455
2024,2023-12-04,sc2410,sc2411,20231204 19:56:30,,,,,,,568,567.6,568,567.6,577.7,577,0,0,5,2,0,0,0.39999999999997726,0.39999999999997726
2024,2023-12-05,sc2410,sc2411,20231205 19:56:30,,,,,,,566.9,566,566.9,566,568,567.6,0,0,5,2,0,0,0.8999999999999773,0.8999999999999773
2024,2023-12-06,sc2410,sc2411,20231206 19:56:30,,,,,,,563.4,563,563.4,563,566.9,566,0,0,5,2,0,0,0.39999999999997726,0.39999999999997726
2024,2023-12-07,sc2410,sc2411,20231207 19:56:30,,,,,,,546.9,546,546.9,546,563.4,563,0,0,5,2,0,0,0.8999999999999773,0.8999999999999773
2024,2023-12-08,sc2410,sc2411,20231208 19:56:30,,,,,,,546.9,546,546.9,546,546.9,546,0,0,5,2,0,0,0.8999999999999773,0.8999999999999773
2024,2023-12-11,sc2410,sc2411,20231211 19:56:30,,,,,,,546.9,546,546.9,546,546.9,546,0,0,5,2,0,0,0.8999999999999773,0.8999999999999773
2024,2023-12-12,sc2410,sc2411,20231212 19:56:30,553,,553,,553,,553,550.3,553,550.3,546.9,546,2,0,4,2,-1,0,2.7000000000000455,2.7000000000000455
2024,2023-12-13,sc2410,sc2411,20231213 19:56:30,,,,,,,535.6,535,535.6,535,553,550.3,0,0,4,2,0,0,0.6000000000000227,0.6000000000000227
2024,2023-12-14,sc2410,sc2411,20231214 19:56:30,,528.1,,531,,526.6,535.6,526.6,535.6,528.4,535.6,535,0,4,4,3,0,1,9.0,7.2000000000000455
2024,2023-12-15,sc2410,sc2411,20231215 19:56:30,,,,,,,543.6,544.6,543.6,544.6,535.6,528.4,0,0,4,3,0,0,-1.0,-1.0
2024,2023-12-18,sc2410,sc2411,20231218 19:56:30,,545.1,,545.1,,545.1,545.3,545.1,545.3,545.1,543.6,544.6,0,1,4,2,0,-1,0.1999999999999318,0.1999999999999318
2024,2023-12-19,sc2410,sc2411,20231219 19:56:30,,,,,,,548.8,548.1,548.8,548.1,545.3,545.1,0,0,4,2,0,0,0.6999999999999318,0.6999999999999318
2024,2023-12-20,sc2410,sc2411,20231220 19:56:30,,,,,,,559.7,554.3,559.7,554.3,548.8,548.1,0,0,4,2,0,0,5.400000000000091,5.400000000000091
2024,2023-12-21,sc2410,sc2411,20231221 19:56:30,,,,,,,559.7,554.3,559.7,554.3,559.7,554.3,0,0,4,2,0,0,5.400000000000091,5.400000000000091
2024,2023-12-22,sc2410,sc2411,20231222 19:56:30,,,,,,,560.5,559.9,560.5,559.9,559.7,554.3,0,0,4,2,0,0,0.6000000000000227,0.6000000000000227
2024,2023-12-25,sc2410,sc2411,20231225 19:56:30,,,,,,,560.5,558.9,560.5,558.9,560.5,559.9,0,0,4,2,0,0,1.6000000000000227,1.6000000000000227
2024,2023-12-26,sc2410,sc2411,20231226 19:56:30,,,,,,,560.5,558.9,560.5,558.9,560.5,558.9,0,0,4,2,0,0,1.6000000000000227,1.6000000000000227
2024,2023-12-27,sc2410,sc2411,20231227 19:56:30,,,,,,,565.3,564.5,565.3,564.5,560.5,558.9,0,0,4,2,0,0,0.7999999999999545,0.7999999999999545
2024,2023-12-28,sc2410,sc2411,20231228 19:56:30,,,,,,,565.3,564.5,565.3,564.5,565.3,564.5,0,0,4,2,0,0,0.7999999999999545,0.7999999999999545
2024,2023-12-29,sc2410,sc2411,20231229 19:56:30,,,,,,,552.9,551,552.9,551,565.3,564.5,0,0,4,2,0,0,1.8999999999999773,1.8999999999999773
2024,2024-01-02,sc2410,sc2411,20240102 19:56:30,,,,,,,552.9,551,552.9,551,552.9,551,0,0,4,2,0,0,1.8999999999999773,1.8999999999999773
2024,2024-01-03,sc2410,sc2411,20240103 19:56:30,552,,552,,547,,547,548.5,550.1,548.5,552.9,551,4,0,4,2,0,0,-1.5,1.6000000000000227
2024,2024-01-04,sc2410,sc2411,20240104 19:56:30,,556.8,,556.8,,556.8,555.9,556.8,555.9,556.8,550.1,548.5,0,1,4,3,0,1,-0.8999999999999773,-0.8999999999999773
2024,2024-01-05,sc2410,sc2411,20240105 19:56:30,,,,,,,555.9,556.8,555.9,556.8,555.9,556.8,0,0,4,3,0,0,-0.8999999999999773,-0.8999999999999773
2024,2024-01-08,sc2410,sc2411,20240108 19:56:30,,,,,,,555.9,555.7,555.9,555.7,555.9,556.8,0,0,4,3,0,0,0.1999999999999318,0.1999999999999318
2024,2024-01-09,sc2410,sc2411,20240109 19:56:30,,544,,544,,539,550,539,550,541.5,555.9,555.7,0,2,4,2,0,-1,11.0,8.5
2024,2024-01-10,sc2410,sc2411,20240110 19:56:30,,546.6,,546.6,,546.6,551.2,546.6,551.2,546.6,550,541.5,0,1,4,2,0,0,4.600000000000023,4.600000000000023
2024,2024-01-11,sc2410,sc2411,20240111 19:56:30,550,,550,,550,,550,546.6,550,546.6,551.2,546.6,1,0,5,2,1,0,3.3999999999999773,3.3999999999999773
2024,2024-01-12,sc2410,sc2411,20240112 19:56:30,,,,,,,550,546.6,550,546.6,550,546.6,0,0,5,2,0,0,3.3999999999999773,3.3999999999999773
2024,2024-01-15,sc2410,sc2411,20240115 19:56:30,552,,552,,552,,552,546.6,552,546.6,550,546.6,2,0,5,2,0,0,5.399999999999977,5.399999999999977
2024,2024-01-16,sc2410,sc2411,20240116 19:56:30,,,,,,,552,547.5,552,547.5,552,546.6,0,0,5,2,0,0,4.5,4.5
2024,2024-01-17,sc2410,sc2411,20240117 19:56:30,,,,,,,551.7,547.5,551.7,547.5,552,547.5,0,0,5,2,0,0,4.2000000000000455,4.2000000000000455
2024,2024-01-18,sc2410,sc2411,20240118 19:56:30,551.7,,551.7,,551.7,,551.7,547.5,551.7,547.5,551.7,547.5,1,0,4,2,-1,0,4.2000000000000455,4.2000000000000455
2024,2024-01-19,sc2410,sc2411,20240119 19:56:30,,,,,,,553.8,551,553.8,551,551.7,547.5,0,0,4,2,0,0,2.7999999999999545,2.7999999999999545
2024,2024-01-22,sc2410,sc2411,20240122 19:56:30,,,,,,,553.8,551,553.8,551,553.8,551,0,0,4,2,0,0,2.7999999999999545,2.7999999999999545
2024,2024-01-23,sc2410,sc2411,20240123 19:56:30,,,,,,,557,551,557,551,553.8,551,0,0,4,2,0,0,6.0,6.0
2024,2024-01-24,sc2410,sc2411,20240124 19:56:30,,,,,,,557,551.4,557,551.4,557,551,0,0,4,2,0,0,5.600000000000023,5.600000000000023
2024,2024-01-25,sc2410,sc2411,20240125 19:56:30,,564,,564,,561,558.1,561,558.1,562.5,557,551.4,0,2,4,2,0,0,-2.8999999999999773,-4.399999999999977
2024,2024-01-26,sc2410,sc2411,20240126 19:56:30,,,,,,,564.4,565.1,564.4,565.1,558.1,562.5,0,0,4,2,0,0,-0.7000000000000455,-0.7000000000000455
2024,2024-01-29,sc2410,sc2411,20240129 19:56:30,577.8,573.4,587.9,578.1,577.8,573.4,587.9,578.1,580.8,575.7,564.4,565.1,11,2,3,1,-1,-1,9.799999999999955,5.099999999999909
2024,2024-01-30,sc2410,sc2411,20240130 19:56:30,587,,587,,587,,587,575.7,587,575.7,580.8,575.7,1,0,4,1,1,0,11.299999999999955,11.299999999999955
2024,2024-01-31,sc2410,sc2411,20240131 19:56:30,572.5,,578.6,,572.5,,578.6,575.7,575.5,575.7,587,575.7,2,0,3,1,-1,0,2.8999999999999773,-0.20000000000004547
2024,2024-02-01,sc2410,sc2411,20240201 19:56:30,,,,,,,575.5,575.7,575.5,575.7,575.5,575.7,0,0,3,1,0,0,-0.20000000000004547,-0.20000000000004547
2024,2024-02-02,sc2410,sc2411,20240202 19:56:30,,,,,,,566.8,567.3,566.8,567.3,575.5,575.7,0,0,3,1,0,0,-0.5,-0.5
2024,2024-02-05,sc2410,sc2411,20240205 19:56:30,,550,,550,,550,566.7,550,566.7,550,566.8,567.3,0,2,3,2,0,1,16.700000000000045,16.700000000000045
2024,2024-02-06,sc2410,sc2411,20240206 19:56:30,,,,,,,566.7,550,566.7,550,566.7,550,0,0,3,2,0,0,16.700000000000045,16.700000000000045
2024,2024-02-07,sc2410,sc2411,20240207 19:56:30,,,,,,,566.1,550,566.1,550,566.7,550,0,0,3,2,0,0,16.100000000000023,16.100000000000023
2024,2024-02-08,sc2410,sc2411,20240208 19:56:30,,,,,,,566.1,554.4,566.1,554.4,566.1,550,0,0,3,2,0,0,11.700000000000045,11.700000000000045
2024,2024-02-19,sc2410,sc2411,20240219 19:56:30,,,,,,,571.9,571.3,571.9,571.3,566.1,554.4,0,0,3,2,0,0,0.6000000000000227,0.6000000000000227
2024,2024-02-20,sc2410,sc2411,20240220 19:56:30,,,,,,,572.4,571.3,572.4,571.3,571.9,571.3,0,0,3,2,0,0,1.1000000000000227,1.1000000000000227
2024,2024-02-21,sc2410,sc2411,20240221 19:56:30,,,,,,,572.4,571.3,572.4,571.3,572.4,571.3,0,0,3,2,0,0,1.1000000000000227,1.1000000000000227
2024,2024-02-22,sc2410,sc2411,20240222 19:56:30,575.5,,576.7,,573.5,,575.9,571.3,575.4,571.3,572.4,571.3,6,0,8,2,5,0,4.600000000000023,4.100000000000023
2024,2024-02-23,sc2410,sc2411,20240223 19:56:30,573.8,570.5,577.1,570.5,571.5,570.1,575.6,570.1,573.8,570.3,575.4,571.3,8,2,10,3,2,1,5.5,3.5
2024,2024-02-26,sc2410,sc2411,20240226 19:56:30,,,,,,,573.8,567.9,573.8,567.9,573.8,570.3,0,0,10,3,0,0,5.899999999999977,5.899999999999977
2024,2024-02-27,sc2410,sc2411,20240227 19:56:30,,,,,,,573.8,567.9,573.8,567.9,573.8,567.9,0,0,10,3,0,0,5.899999999999977,5.899999999999977
2024,2024-02-28,sc2410,sc2411,20240228 19:56:30,,,,,,,574.4,570.5,574.4,570.5,573.8,567.9,0,0,10,3,0,0,3.8999999999999773,3.8999999999999773
2024,2024-02-29,sc2410,sc2411,20240229 19:56:30,,,,,,,574.4,570.5,574.4,570.5,574.4,570.5,0,0,10,3,0,0,3.8999999999999773,3.8999999999999773
2024,2024-03-01,sc2410,sc2411,20240301 19:56:30,577.9,,577.9,,576.8,,576.8,570.5,577.3,570.5,574.4,570.5,2,0,12,3,2,0,6.2999999999999545,6.7999999999999545
2024,2024-03-04,sc2410,sc2411,20240304 19:56:30,579.9,578.7,579.9,579.9,579.9,574.9,579.9,574.9,579.9,577.8,577.3,570.5,1,3,12,6,0,3,5.0,2.1000000000000227
2024,2024-03-05,sc2410,sc2411,20240305 19:56:30,,,,,,,579.9,577.8,579.9,577.8,579.9,577.8,0,0,12,6,0,0,2.1000000000000227,2.1000000000000227
2024,2024-03-06,sc2410,sc2411,20240306 19:56:30,,,,,,,579.9,577.8,579.9,577.8,579.9,577.8,0,0,12,6,0,0,2.1000000000000227,2.1000000000000227
2024,2024-03-07,sc2410,sc2411,20240307 19:56:30,580.3,574.8,580.3,577.4,579.2,574.8,580.1,575.9,579.8,576.4,579.9,577.8,3,6,11,9,-1,3,4.2000000000000455,3.3999999999999773
2024,2024-03-08,sc2410,sc2411,20240308 19:56:30,580.1,574.4,583,575.2,580.1,574.4,583,575.1,581.5,574.9,579.8,576.4,2,5,11,12,0,3,7.899999999999977,6.600000000000023
2024,2024-03-11,sc2410,sc2411,20240311 19:56:30,576.6,575.8,576.6,575.8,572,575.8,572,575.8,574.3,575.8,581.5,574.9,2,1,13,12,2,0,-3.7999999999999545,-1.5
2024,2024-03-12,sc2410,sc2411,20240312 19:56:30,574.8,570.7,579.6,570.7,574.8,570.7,575.6,570.7,576.6,570.7,574.3,575.8,3,1,15,13,2,1,4.899999999999977,5.899999999999977
2024,2024-03-13,sc2410,sc2411,20240313 19:56:30,574,575.2,574.7,575.2,574,574.8,574.7,574.8,574.3,575,576.6,570.7,2,8,16,21,1,8,-0.09999999999990905,-0.7000000000000455
2024,2024-03-14,sc2410,sc2411,20240314 19:56:30,583.7,,587.9,,583.4,,587.5,581.5,585.8,581.5,574.3,575,11,0,18,21,2,0,6.0,4.2999999999999545
2024,2024-03-15,sc2410,sc2411,20240315 19:56:30,593.1,,596.6,,592.2,,596.6,590,593.5,590,585.8,581.5,4,0,17,21,-1,0,6.600000000000023,3.5
2024,2024-03-18,sc2410,sc2411,20240318 19:56:30,596.7,,596.7,,596,,596,590,596.4,590,593.5,590,3,0,14,21,-3,0,6.0,6.399999999999977
2024,2024-03-19,sc2410,sc2411,20240319 19:56:30,608.6,,608.7,,603,,608.7,599.8,605.9,599.8,596.4,590,12,0,17,21,3,0,8.900000000000091,6.100000000000023
2024,2024-03-20,sc2410,sc2411,20240320 19:56:30,609,,611.2,,609,,611.2,604,610.3,604,605.9,599.8,3,0,17,21,0,0,7.2000000000000455,6.2999999999999545
2024,2024-03-21,sc2410,sc2411,20240321 19:56:30,611.3,,611.3,,611.3,,611.3,604,611.3,604,610.3,604,1,0,18,21,1,0,7.2999999999999545,7.2999999999999545
2024,2024-03-22,sc2410,sc2411,20240322 19:56:30,602.3,,602.3,,602.1,,602.2,602,602.2,602,611.3,604,4,0,17,21,-1,0,0.20000000000004547,0.20000000000004547
2024,2024-03-25,sc2410,sc2411,20240325 19:56:30,604.6,600.8,605.8,600.8,604.4,600.8,605.1,600.8,605.1,600.8,602.2,602,6,1,22,22,5,1,4.300000000000068,4.300000000000068
2024,2024-03-26,sc2410,sc2411,20240326 19:56:30,604.4,,608.6,,604.4,,608.3,600.8,607.1,600.8,605.1,600.8,5,0,21,22,-1,0,7.5,6.300000000000068
2024,2024-03-27,sc2410,sc2411,20240327 19:56:30,607.5,601.7,607.6,601.7,600.2,601.7,600.2,601.7,603.7,601.7,607.1,600.8,10,1,19,21,-2,-1,-1.5,2.0
2024,2024-03-28,sc2410,sc2411,20240328 19:56:30,602.7,600,610.7,602.7,600.7,596.6,610.7,602.7,603.9,599.1,603.7,601.7,44,8,21,24,2,3,8.0,4.7999999999999545
2024,2024-03-29,sc2410,sc2411,20240329 19:56:30,613.6,610.3,619.1,610.3,613.6,608.9,618.7,609.8,616.5,609.7,603.9,599.1,12,4,22,23,1,-1,8.900000000000091,6.7999999999999545
2024,2024-04-01,sc2410,sc2411,20240401 19:56:30,620.3,616.1,622.2,617,615.7,606.6,617.9,611.5,618.5,612.8,616.5,609.7,47,27,30,27,8,4,6.399999999999977,5.7000000000000455
2024,2024-04-02,sc2410,sc2411,20240402 19:56:30,616.7,609.9,623.5,617.4,616.7,609.9,623.1,617.4,621,614,618.5,612.8,29,7,44,26,14,-1,5.7000000000000455,7.0
2024,2024-04-03,sc2410,sc2411,20240403 19:56:30,624.9,619.9,630,625,624.9,619.9,629.6,625,628.7,623.6,621,614,11,8,46,29,2,3,4.600000000000023,5.100000000000023
2024,2024-04-08,sc2410,sc2411,20240408 19:56:30,622.9,627.7,642.8,627.7,622.9,627.7,631.1,627.7,632.2,627.7,628.7,623.6,118,1,119,29,73,0,3.3999999999999773,4.5
2024,2024-04-09,sc2410,sc2411,20240409 19:56:30,638.5,631.6,639.7,631.9,632.8,626.7,634.5,630,636.8,629.3,632.2,627.7,58,10,134,26,15,-3,4.5,7.5
2024,2024-04-10,sc2410,sc2411,20240410 19:56:30,634.7,626.3,634.7,627.6,627.7,620.1,629.1,622.9,631,625,636.8,629.3,41,13,135,26,1,0,6.2000000000000455,6.0
2024,2024-04-11,sc2410,sc2411,20240411 19:56:30,634,624,638,631.5,629.7,623.1,638,631.3,636,629.2,631,625,35,8,134,30,-1,4,6.7000000000000455,6.7999999999999545
2024,2024-04-12,sc2410,sc2411,20240412 19:56:30,633.1,627.2,641.4,636.1,633,627.2,640.5,636.1,638.7,630.4,636,629.2,24,10,135,32,1,2,4.399999999999977,8.300000000000068
2024,2024-04-15,sc2410,sc2411,20240415 19:56:30,648.5,645.2,655,646.6,637.3,631.3,640.6,633,645.9,638.7,638.7,630.4,58,12,140,30,5,-2,7.600000000000023,7.199999999999932
2024,2024-04-16,sc2410,sc2411,20240416 19:56:30,637.9,629,648,629,630.1,629,645.8,629,641.5,629,645.9,638.7,57,2,158,31,18,1,16.799999999999955,12.5
2024,2024-04-17,sc2410,sc2411,20240417 19:56:30,640.8,635.7,641.7,635.7,638.7,631.7,638.7,631.7,640.6,633.7,641.5,629,8,2,157,32,-1,1,7.0,6.899999999999977
2024,2024-04-18,sc2410,sc2411,20240418 19:56:30,635.2,629.3,636.1,631.6,621.4,615.9,621.4,615.9,626.7,628,640.6,633.7,54,11,158,31,1,-1,5.5,-1.2999999999999545
2024,2024-04-19,sc2410,sc2411,20240419 19:56:30,624.9,619.9,644,638.8,622,619.9,630.2,624.4,633.1,632.6,626.7,628,83,20,158,30,0,-1,5.800000000000068,0.5
2024,2024-04-22,sc2410,sc2411,20240422 19:56:30,619.1,614.7,626.8,619,612,605.4,612,605.4,617.2,614.4,633.1,632.6,32,6,155,31,-3,1,6.600000000000023,2.800000000000068
2024,2024-04-23,sc2410,sc2411,20240423 19:56:30,609.7,,620.5,,609.7,,617,614.4,614.9,614.4,617.2,614.4,28,0,166,31,11,0,2.6000000000000227,0.5
2024,2024-04-24,sc2410,sc2411,20240424 19:56:30,613.2,,628.1,,612.2,,627.4,614.4,619.3,614.4,614.9,614.4,65,0,168,31,2,0,13.0,4.899999999999977
2024,2024-04-25,sc2410,sc2411,20240425 19:56:30,624.8,619.8,628.6,621.4,624.3,619.8,627,620.9,625.7,620.6,619.3,614.4,26,9,165,35,-3,4,6.100000000000023,5.100000000000023
2024,2024-04-26,sc2410,sc2411,20240426 19:56:30,624.3,618,632.6,623.2,619,618,631.7,623.2,626.3,620.6,625.7,620.6,53,2,171,35,6,0,8.5,5.699999999999932
2024,2024-04-29,sc2410,sc2411,20240429 19:56:30,633.9,625.2,634.8,626.6,627.9,624.2,628,626.6,631.4,625.3,626.3,620.6,34,4,169,33,-2,-2,1.3999999999999773,6.100000000000023
2024,2024-04-30,sc2410,sc2411,20240430 19:56:30,629.3,625.1,630.9,625.1,621.2,619,625.1,619,626.2,620.9,631.4,625.3,42,8,169,32,0,-1,6.100000000000023,5.300000000000068
2024,2024-05-06,sc2410,sc2411,20240506 19:56:30,604,595.8,604,602.7,584.1,594.7,601.4,598,599.6,597.2,626.2,620.9,90,11,194,35,25,3,3.3999999999999773,2.3999999999999773
2024,2024-05-07,sc2410,sc2411,20240507 19:56:30,601.8,598.7,604.3,601.4,598.1,597.7,601.8,597.7,601.7,599.2,599.6,597.2,98,3,229,33,35,-2,4.099999999999909,2.5
2024,2024-05-08,sc2410,sc2411,20240508 19:56:30,598.9,597.5,602.7,597.5,597.7,596,598.9,596,599.8,596.4,601.7,599.2,46,6,246,32,17,-1,2.8999999999999773,3.3999999999999773
2024,2024-05-09,sc2410,sc2411,20240509 19:56:30,599.7,597.3,605.3,606.1,598.8,596.4,603.4,598.4,603.1,600.1,599.8,596.4,55,29,249,39,3,7,5.0,3.0
2024,2024-05-10,sc2410,sc2411,20240510 19:56:30,605.9,598.4,609,603.8,604,598.4,608.9,603.5,606.8,602.4,603.1,600.1,56,52,253,51,4,12,5.399999999999977,4.399999999999977
2024,2024-05-13,sc2410,sc2411,20240513 19:56:30,606.7,600.9,608.8,600.9,595.8,590.5,600,590.9,600.6,593,606.8,602.4,47,19,252,58,-1,7,9.100000000000023,7.600000000000023
2024,2024-05-14,sc2410,sc2411,20240514 19:56:30,601.9,599.9,606.6,601.3,601.8,598.3,604.7,599.4,604,600.1,600.6,593,109,11,258,61,6,3,5.300000000000068,3.8999999999999773
2024,2024-05-15,sc2410,sc2411,20240515 19:56:30,600.8,595.1,602.1,597.6,596.8,595.1,600.1,596.6,598.9,596.7,604,600.1,72,10,250,59,-8,-2,3.5,2.199999999999932
2024,2024-05-16,sc2410,sc2411,20240516 19:56:30,594.8,591.6,600.5,595.8,588.7,584.8,599.5,593.8,594.6,593.3,598.9,596.7,115,24,265,69,15,10,5.7000000000000455,1.3000000000000682
2024,2024-05-17,sc2410,sc2411,20240517 19:56:30,601.2,597.5,606,601.2,599.3,596.2,605.9,601.1,604.2,599.7,594.6,593.3,182,21,339,79,74,10,4.7999999999999545,4.5
2024,2024-05-20,sc2410,sc2411,20240520 19:56:30,606.2,600.1,612.5,608.2,604,600,610.7,607.1,608.4,605.8,604.2,599.7,80,62,349,107,10,28,3.6000000000000227,2.6000000000000227
2024,2024-05-21,sc2410,sc2411,20240521 19:56:30,605,602.8,612.6,608,604,600.4,604,600.7,608.8,603.6,608.4,605.8,166,34,360,116,11,9,3.2999999999999545,5.199999999999932
2024,2024-05-22,sc2410,sc2411,20240522 19:56:30,599.5,604.9,607.6,604.9,599,596,599,597.4,602.4,599.4,608.8,603.6,535,37,456,120,96,4,1.6000000000000227,3.0
2024,2024-05-23,sc2410,sc2411,20240523 19:56:30,598.5,595.5,602,600.1,592.6,590,596.2,592.3,598.3,593.5,602.4,599.4,1086,52,689,131,233,11,3.900000000000091,4.7999999999999545
2024,2024-05-24,sc2410,sc2411,20240524 19:56:30,601.5,598.9,604.5,600.3,591.4,587.1,593.4,587.1,598.9,592.7,598.3,593.5,1690,104,794,162,105,31,6.2999999999999545,6.199999999999932
2024,2024-05-27,sc2410,sc2411,20240527 19:56:30,593.2,591.8,600,601,592.7,591.8,599.5,596.6,597.2,595.2,598.9,592.7,1608,158,825,176,31,14,2.8999999999999773,2.0
2024,2024-05-28,sc2410,sc2411,20240528 19:56:30,604.2,598.1,605.9,602.2,600.9,597.2,603.6,600.4,603.5,599.8,597.2,595.2,413,65,830,177,5,1,3.2000000000000455,3.7000000000000455
2024,2024-05-29,sc2410,sc2411,20240529 19:56:30,605,603.5,613.5,609.2,605,602.5,613,607.6,609.7,606.8,603.5,599.8,394,56,851,178,21,1,5.399999999999977,2.900000000000091
2024,2024-05-30,sc2410,sc2411,20240530 19:56:30,612.4,607.6,613.6,609.2,605.2,601.5,605.8,602.4,609.3,606,609.7,606.8,559,143,867,185,16,7,3.3999999999999773,3.2999999999999545
2024,2024-05-31,sc2410,sc2411,20240531 19:56:30,604.7,598.8,608.5,603.8,595.9,593.6,598.1,595,601.8,600.3,609.3,606,639,52,909,189,42,4,3.1000000000000227,1.5
2024,2024-06-03,sc2410,sc2411,20240603 19:56:30,602.2,595.7,602.6,596.2,590.6,590.3,593.3,590.7,595.7,593.5,601.8,600.3,674,48,932,195,23,6,2.599999999999909,2.2000000000000455
2024,2024-06-04,sc2410,sc2411,20240604 19:56:30,592.7,590.9,593.8,591.5,568.9,567.4,569.7,568.3,578.2,572.3,595.7,593.5,1296,395,1027,249,95,54,1.400000000000091,5.900000000000091
2024,2024-06-05,sc2410,sc2411,20240605 19:56:30,565.2,564.4,570.9,568.3,564.6,561.3,566.9,564.5,567.2,565.1,578.2,572.3,617,65,1029,240,2,-9,2.3999999999999773,2.1000000000000227
2024,2024-06-06,sc2410,sc2411,20240606 19:56:30,569.7,568.1,575.1,572.4,565.7,565.4,574.1,571.5,570.9,570.1,567.2,565.1,742,67,1075,247,46,7,2.6000000000000227,0.7999999999999545
2024,2024-06-07,sc2410,sc2411,20240607 19:56:30,573,570.1,583.7,580.3,571.4,570,580.3,578.4,579.1,577.8,570.9,570.1,582,43,1098,251,23,4,1.8999999999999773,1.3000000000000682
2024,2024-06-11,sc2410,sc2411,20240611 19:56:30,593,589,593.6,591,589.1,586.8,591.5,588.6,591.4,588.5,579.1,577.8,399,40,1102,253,4,2,2.8999999999999773,2.8999999999999773
2024,2024-06-12,sc2410,sc2411,20240612 19:56:30,594.4,590.6,598.9,597.8,589.5,587.4,597.8,595.4,594.8,592.7,591.4,588.5,464,71,1104,261,2,8,2.3999999999999773,2.099999999999909
2024,2024-06-13,sc2410,sc2411,20240613 19:56:30,603.5,597.8,603.5,598.9,593.8,591.1,594.4,592,597.7,594.4,594.8,592.7,792,69,1073,248,-31,-13,2.3999999999999773,3.300000000000068
2024,2024-06-14,sc2410,sc2411,20240614 19:56:30,595,593.5,600,596.6,594,591.7,594.9,593.6,597,594.4,597.7,594.4,625,63,1048,250,-25,2,1.2999999999999545,2.6000000000000227
2024,2024-06-17,sc2410,sc2411,20240617 19:56:30,598.3,597,601,598.5,591.5,590,591.9,590,596.5,594.2,597,594.4,748,124,1060,275,12,25,1.8999999999999773,2.2999999999999545
2024,2024-06-18,sc2410,sc2411,20240618 19:56:30,595.8,593.4,604.9,602.2,595.1,593.2,602.6,599.6,601.7,599.6,596.5,594.2,973,146,1280,319,220,44,3.0,2.1000000000000227
2024,2024-06-19,sc2410,sc2411,20240619 19:56:30,605.5,601.3,612.8,609.1,603.3,601.3,610.2,607,609.7,606.6,601.7,599.6,2006,121,1680,335,400,16,3.2000000000000455,3.1000000000000227
2024,2024-06-20,sc2410,sc2411,20240620 19:56:30,614.9,610.4,615,611.6,610.5,608.2,612.7,609.6,612.6,609.9,609.7,606.6,1380,144,1969,310,289,-25,3.1000000000000227,2.7000000000000455
2024,2024-06-21,sc2410,sc2411,20240621 19:56:30,615.8,613,617.8,614.7,613,610.3,613,610.3,615.2,612.4,612.6,609.9,2013,80,2172,320,203,10,2.7000000000000455,2.800000000000068
2024,2024-06-24,sc2410,sc2411,20240624 19:56:30,614.2,612.9,617.4,614.2,608.4,605.4,611.9,608.7,612.6,609,615.2,612.4,2234,71,2634,331,462,11,3.199999999999932,3.6000000000000227
2024,2024-06-25,sc2410,sc2411,20240625 19:56:30,612,609.9,619,621,609.2,606.3,616.9,613.7,615.4,614.1,612.6,609,2049,256,2757,364,123,33,3.199999999999932,1.2999999999999545
2024,2024-06-26,sc2410,sc2411,20240626 19:56:30,615,612.3,618.9,615.4,611.1,609,615.8,612.5,615.1,612.2,615.4,614.1,2473,217,2835,423,78,59,3.2999999999999545,2.8999999999999773
2024,2024-06-27,sc2410,sc2411,20240627 19:56:30,614,612.3,618.7,615,610.4,607.3,614.2,611.2,613.7,610.2,615.1,612.2,3953,280,3189,494,354,71,3.0,3.5
2024,2024-06-28,sc2410,sc2411,20240628 19:56:30,619.8,616,622.5,619.8,614.8,611.8,622.4,618.9,619.6,615.7,613.7,610.2,3963,508,3574,590,385,96,3.5,3.8999999999999773
2024,2024-07-01,sc2410,sc2411,20240701 19:56:30,621.4,617.3,621.7,617.7,614.6,611.2,621.4,617.2,618.4,614.7,619.6,615.7,3477,281,4112,642,538,52,4.199999999999932,3.699999999999932
2024,2024-07-02,sc2410,sc2411,20240702 19:56:30,621.5,617.4,629.8,625.4,618.2,614.3,628.7,625,625.6,619.7,618.4,614.7,3711,287,4802,680,690,38,3.7000000000000455,5.899999999999977
2024,2024-07-03,sc2410,sc2411,20240703 19:56:30,633.5,627,633.5,628.5,626,622.3,629.8,625.5,629.9,625.4,625.6,619.7,4330,172,5778,724,976,44,4.2999999999999545,4.5
2024,2024-07-04,sc2410,sc2411,20240704 19:56:30,629.2,623.6,633.4,629.1,623.9,619.8,628.2,623.6,627.9,623.8,629.9,625.4,4001,174,6300,756,522,32,4.600000000000023,4.100000000000023
2024,2024-07-05,sc2410,sc2411,20240705 19:56:30,630.1,623.6,633.8,628.8,628.6,623.6,629.9,625,630.7,626.8,627.9,623.8,4389,134,7411,767,1111,11,4.899999999999977,3.900000000000091
2024,2024-07-08,sc2410,sc2411,20240708 19:56:30,632.4,628.6,633.6,628.8,621.5,616.9,621.9,617.2,628.4,623.4,630.7,626.8,4160,222,7290,759,-121,-8,4.699999999999932,5.0
2024,2024-07-09,sc2410,sc2411,20240709 19:56:30,622.1,617,623.3,618.4,618.1,613.7,619.5,615.2,620.4,615.7,628.4,623.4,2588,116,7347,781,57,22,4.2999999999999545,4.699999999999932
2024,2024-07-10,sc2410,sc2411,20240710 19:56:30,617.9,612.6,620.2,615.8,607.8,604.3,609.3,605.4,613.1,608.5,620.4,615.7,5865,504,6541,663,-806,-118,3.8999999999999773,4.600000000000023
2024,2024-07-11,sc2410,sc2411,20240711 19:56:30,611,607.3,620.7,616.1,609.1,605.3,619.4,614.8,615.3,611,613.1,608.5,6082,273,5918,618,-623,-45,4.600000000000023,4.2999999999999545
2024,2024-07-12,sc2410,sc2411,20240712 19:56:30,617,611.4,618.1,613.6,609.7,605.4,617.6,613.6,613.7,609.4,615.3,611,5570,217,5875,651,-43,33,4.0,4.300000000000068
2024,2024-07-15,sc2410,sc2411,20240715 19:56:30,616.8,612.3,618.2,613.5,609.4,605.5,612.7,608.1,614.3,610.3,613.7,609.4,5604,442,6449,818,574,167,4.600000000000023,4.0
2024,2024-07-16,sc2410,sc2411,20240716 19:56:30,613,609.3,614.4,609.5,607.5,603.4,608.2,604,610.9,606.8,614.3,610.3,4868,341,6771,895,322,77,4.2000000000000455,4.100000000000023
2024,2024-07-17,sc2410,sc2411,20240717 19:56:30,602.4,598.7,607.1,602.7,600.7,596.9,602.1,598.3,603.4,598.7,610.9,606.8,8416,409,6858,984,87,89,3.800000000000068,4.699999999999932
2024,2024-07-18,sc2410,sc2411,20240718 19:56:30,604.8,602.2,614.6,610,604.8,601,613.7,609.4,610.2,606.3,603.4,598.7,11803,634,8293,1231,1435,247,4.300000000000068,3.900000000000091
2024,2024-07-19,sc2410,sc2411,20240719 19:56:30,607.3,604.4,611.8,607.3,604.9,600.8,606.3,602.2,607.6,603.3,610.2,606.3,11357,497,9670,1282,1377,51,4.099999999999909,4.300000000000068
2024,2024-07-22,sc2410,sc2411,20240722 19:56:30,610,603.5,610,604.7,590.5,586.7,592.6,588.5,598.3,594.4,607.6,603.3,20464,1415,11575,1404,1905,122,4.100000000000023,3.8999999999999773
2024,2024-07-23,sc2410,sc2411,20240723 19:56:30,586.9,582.6,593.4,589.7,586.4,582.6,590.6,587.9,590.2,586,598.3,594.4,17516,2717,12263,1611,688,207,2.7000000000000455,4.2000000000000455
2024,2024-07-24,sc2410,sc2411,20240724 19:56:30,586.2,583.2,589.2,586.6,581,578.2,585.1,581.9,584.9,582.1,590.2,586,26666,4129,10204,2424,-2059,813,3.2000000000000455,2.7999999999999545
2024,2024-07-25,sc2410,sc2411,20240725 19:56:30,587.6,584.7,588.7,586.2,579.6,577.1,581.5,579.1,584.4,581.7,584.9,582.1,19406,3226,10918,3192,714,768,2.3999999999999773,2.699999999999932
2024,2024-07-26,sc2410,sc2411,20240726 19:56:30,577.8,575.6,590.3,588.3,574,572,589,587,582.9,581.1,584.4,581.7,20719,3395,11083,3808,165,616,2.0,1.7999999999999545
2024,2024-07-29,sc2410,sc2411,20240729 19:56:30,584.6,582.5,585.9,583.8,575.2,573,582.1,579.4,581.3,579.6,582.9,581.1,28564,5346,11570,4502,487,694,2.7000000000000455,1.6999999999999318
2024,2024-07-30,sc2410,sc2411,20240730 19:56:30,580,577.3,583.8,580.9,569.8,566.6,569.9,566.7,574.5,571.2,581.3,579.6,21602,3208,12988,4332,1418,-170,3.199999999999932,3.2999999999999545
2024,2024-07-31,sc2410,sc2411,20240731 19:56:30,568.3,566.7,577.3,574.2,566.3,563.8,577,573.6,570.3,568.3,574.5,571.2,30594,4951,12688,4426,-300,94,3.3999999999999773,2.0
2024,2024-08-01,sc2410,sc2411,20240801 19:56:30,581.1,576.8,590.3,586.7,576.8,573.9,589.4,585.4,583.4,580,570.3,568.3,30365,7214,12163,5451,-525,1025,4.0,3.3999999999999773
2024,2024-08-02,sc2410,sc2411,20240802 19:56:30,590,585.7,590.7,586.9,576,572.8,577.5,574,581.6,577.9,583.4,580,22483,4851,13273,6190,1110,739,3.5,3.7000000000000455
2024,2024-08-05,sc2410,sc2411,20240805 19:56:30,564,560.4,565.2,561.5,540.3,536.6,544.1,540.4,553.7,550.5,581.6,577.9,57130,14562,18563,9765,5290,3575,3.7000000000000455,3.2000000000000455
2024,2024-08-06,sc2410,sc2411,20240806 19:56:30,541.3,537.8,555.3,551.6,538,534.1,546.5,543.7,546.2,542.2,553.7,550.5,43274,13161,19142,10510,579,745,2.7999999999999545,4.0
2024,2024-08-07,sc2410,sc2411,20240807 19:56:30,539.3,536,549.7,546.4,538.8,535.7,545,542.4,544.3,540.8,546.2,542.2,37622,7995,21092,11053,1950,543,2.6000000000000227,3.5
2024,2024-08-08,sc2410,sc2411,20240808 19:56:30,554,550.8,558.9,556.3,550.8,547.6,552.1,549,554.6,551.6,544.3,540.8,50040,11167,21295,11057,203,4,3.1000000000000227,3.0
2024,2024-08-09,sc2410,sc2411,20240809 19:56:30,556.1,552.4,563.3,560.8,554.3,551.3,561.1,558.8,558.5,556.3,554.6,551.6,33903,8458,20569,11952,-726,895,2.300000000000068,2.2000000000000455
2024,2024-08-12,sc2410,sc2411,20240812 19:56:30,562.8,560,567.5,565.1,558.1,555.8,567.4,564.8,562.5,560.5,558.5,556.3,28637,4867,21420,11812,851,-140,2.6000000000000227,2.0
2024,2024-08-13,sc2410,sc2411,20240813 19:56:30,570.6,567.9,581.9,579,567.9,565.7,577.4,574.3,574.4,572.3,562.5,560.5,37915,6095,20844,11942,-576,130,3.1000000000000227,2.1000000000000227
2024,2024-08-14,sc2410,sc2411,20240814 19:56:30,577.1,574.5,577.8,574.6,569.1,565.9,571.3,568,572.5,569.2,574.4,572.3,46385,9799,21387,11726,543,-216,3.2999999999999545,3.2999999999999545
2024,2024-08-15,sc2410,sc2411,20240815 19:56:30,570.8,566,572.7,569.2,562.8,559.5,565.3,561.5,566.7,563,572.5,569.2,46019,8025,21772,11727,385,1,3.7999999999999545,3.7000000000000455
2024,2024-08-16,sc2410,sc2411,20240816 19:56:30,569.8,564.2,577.2,573.7,567.7,564.2,572,568.8,573.2,569.9,566.7,563,47987,8086,21908,11537,136,-190,3.2000000000000455,3.300000000000068
2024,2024-08-19,sc2410,sc2411,20240819 19:56:30,562.9,560.5,567.2,564.5,557.5,555.1,559.5,556.8,562.5,559.2,573.2,569.9,88250,12018,24234,12042,2326,505,2.7000000000000455,3.2999999999999545
2024,2024-08-20,sc2410,sc2411,20240820 19:56:30,560.6,557,563.9,561.1,545,544.1,547.7,546.6,554.1,551,562.5,559.2,127192,16987,29473,14183,5239,2141,1.1000000000000227,3.1000000000000227
2024,2024-08-21,sc2410,sc2411,20240821 19:56:30,549.7,549.2,554.6,552.4,542.9,541.1,547.4,545.5,548.9,546.6,554.1,551,130727,20477,28345,15578,-1128,1395,1.8999999999999773,2.2999999999999545
2024,2024-08-22,sc2410,sc2411,20240822 19:56:30,548.4,546.6,552.3,550.2,534.6,533.1,537.8,536.2,543.5,541,548.9,546.6,145605,22702,31134,17769,2789,2191,1.599999999999909,2.5
2024,2024-08-23,sc2410,sc2411,20240823 19:56:30,541.5,540.3,547.3,545.7,539.2,537.7,545.3,544,543.8,542.2,543.5,541,112487,16691,29453,18257,-1681,488,1.2999999999999545,1.599999999999909
2024,2024-08-26,sc2410,sc2411,20240826 19:56:30,551.4,550.7,562.8,558.3,550.1,548.7,562.7,558.1,554.7,552.5,543.8,542.2,103094,21566,26050,16092,-3403,-2165,4.600000000000023,2.2000000000000455
2024,2024-08-27,sc2410,sc2411,20240827 19:56:30,570.9,567.6,572.2,568,566.1,562.1,570.4,565.6,569.1,565.3,554.7,552.5,87464,20024,24455,16167,-1595,75,4.7999999999999545,3.800000000000068
2024,2024-08-28,sc2410,sc2411,20240828 19:56:30,566.6,561.4,567.6,563.6,557.7,554,559.3,555.6,562.1,558.6,569.1,565.3,97408,19066,23242,16594,-1213,427,3.699999999999932,3.5
2024,2024-08-29,sc2410,sc2411,20240829 19:56:30,555.1,551,556.9,553.4,549.6,546.1,550.1,546.3,553.3,549.6,562.1,558.6,114225,20073,23896,17953,654,1359,3.800000000000068,3.699999999999932
2024,2024-08-30,sc2410,sc2411,20240830 19:56:30,554,549.1,561.5,557,553,549.1,558.9,554.2,557.5,553.4,553.3,549.6,128584,24360,19042,18706,-4854,753,4.699999999999932,4.100000000000023
2024,2024-09-02,sc2410,sc2411,20240902 19:56:30,556.8,552,556.8,552.1,538.6,536.1,540.6,537.6,544.2,540.8,557.5,553.4,137897,30701,22799,19319,3757,613,3.0,3.400000000000091
2024,2024-09-03,sc2410,sc2411,20240903 19:56:30,543.8,540.5,551.9,547.9,543.2,540.5,550.1,546.2,547.4,544.1,544.2,540.8,88903,17633,20242,18742,-2557,-577,3.8999999999999773,3.2999999999999545
2024,2024-09-04,sc2410,sc2411,20240904 19:56:30,538,534.3,538.3,534.3,520.7,517.6,522.8,519.2,528.4,525.1,547.4,544.1,130666,36221,24425,22547,4183,3805,3.599999999999909,3.2999999999999545
2024,2024-09-05,sc2410,sc2411,20240905 19:56:30,526,522.1,528.7,525.1,518.8,515.6,521.4,517.3,523.2,519.3,528.4,525.1,128722,34149,24347,24775,-78,2228,4.100000000000023,3.900000000000091
2024,2024-09-06,sc2410,sc2411,20240906 19:56:30,523.6,519.6,528.4,524.9,515.8,513,522.1,519,521.8,518.3,523.2,519.3,144467,39004,23138,25284,-1209,509,3.1000000000000227,3.5
2024,2024-09-09,sc2410,sc2411,20240909 19:56:30,520.1,517.9,524.1,521.7,502.6,501.1,512.6,511.5,512,510.4,521.8,518.3,172002,51458,22420,26731,-718,1447,1.1000000000000227,1.6000000000000227
2024,2024-09-10,sc2410,sc2411,20240910 19:56:30,510.4,508.6,516.6,515.3,504.3,502.3,510.2,507.3,510,508.7,512,510.4,130377,43960,21975,27802,-445,1071,2.8999999999999773,1.3000000000000114
2024,2024-09-11,sc2410,sc2411,20240911 19:56:30,510.9,505.7,513.6,511.2,492.2,490.2,503.1,501.3,500.4,498.4,510,508.7,163916,82278,17258,28516,-4717,714,1.8000000000000114,2.0
2024,2024-09-12,sc2410,sc2411,20240912 19:56:30,504.9,502.2,513.1,512.3,494,492,512.5,511.4,502.9,501.8,500.4,498.4,145558,95041,14827,29734,-2431,1218,1.1000000000000227,1.099999999999966
2024,2024-09-13,sc2410,sc2411,20240913 19:56:30,511.2,509.3,518.8,518,507.1,505.7,513.1,513.6,513.4,512.5,502.9,501.8,96946,80772,10492,29829,-4335,95,-0.5,0.8999999999999773
2025,2024-12-02,sc2510,sc2511,20241202 15:36:25,,,,,,,513.4,515.6,513.4,515.6,513.4,516.1,0,0,2,3,0,0,-2.2000000000000455,-2.2000000000000455
2025,2024-12-03,sc2510,sc2511,20241203 15:21:16,,,,,,,513.4,515.6,513.4,515.6,513.4,515.6,0,0,2,3,0,0,-2.2000000000000455,-2.2000000000000455
2025,2024-12-04,sc2510,sc2511,20241204 15:25:16,515.6,,515.6,,515.6,,515.6,517.7,515.6,517.7,513.4,515.6,1,0,3,3,1,0,-2.1000000000000227,-2.1000000000000227
2025,2024-12-05,sc2510,sc2511,20241205 15:30:17,520.6,,520.6,,514.8,,514.8,514,517.7,514,515.6,517.7,2,0,3,3,0,0,0.7999999999999545,3.7000000000000455
2025,2024-12-06,sc2510,sc2511,20241206 15:30:18,508.4,,511.5,,508.3,,511.5,513.4,509.8,513.4,517.7,514,4,0,3,3,0,0,-1.8999999999999773,-3.599999999999966
2025,2024-12-09,sc2510,sc2511,20241209 15:32:17,,507,,507,,507,509.8,507,509.8,507,509.8,513.4,0,1,3,3,0,0,2.8000000000000114,2.8000000000000114
2025,2024-12-10,sc2510,sc2511,20241210 15:25:02,,,,,,,509.8,507,509.8,507,509.8,507,0,0,3,3,0,0,2.8000000000000114,2.8000000000000114
2025,2024-12-11,sc2510,sc2511,20241211 15:27:01,509.6,,509.6,,509.6,,509.6,507,509.6,507,509.8,507,1,0,3,3,0,0,2.6000000000000227,2.6000000000000227
2025,2024-12-12,sc2510,sc2511,20241212 15:31:01,519.8,,519.8,,519.8,,519.8,518.4,519.8,518.4,509.6,507,1,0,4,3,1,0,1.3999999999999773,1.3999999999999773
2025,2024-12-13,sc2510,sc2511,20241213 15:57:11,522.8,,522.8,,522.8,,522.8,519.4,522.8,519.4,519.8,518.4,1,0,5,3,1,0,3.3999999999999773,3.3999999999999773
2025,2024-12-16,sc2510,sc2511,20241216 15:44:03,531.6,,531.6,,531.6,,531.6,519.4,531.6,519.4,522.8,519.4,1,0,6,3,1,0,12.200000000000045,12.200000000000045
2025,2024-12-17,sc2510,sc2511,20241217 15:27:03,528.8,,528.8,,526.4,,526.7,522.6,527.3,522.6,531.6,519.4,3,0,8,3,2,0,4.100000000000023,4.699999999999932
2025,2024-12-18,sc2510,sc2511,20241218 15:39:03,519.1,,519.1,,519.1,,519.1,522.6,519.1,522.6,527.3,522.6,1,0,8,3,0,0,-3.5,-3.5
2025,2024-12-19,sc2510,sc2511,20241219 15:28:03,,,,,,,520,522.6,520,522.6,519.1,522.6,0,0,8,3,0,0,-2.6000000000000227,-2.6000000000000227
2025,2024-12-20,sc2510,sc2511,20241220 15:24:18,,,,,,,520,522.6,520,522.6,520,522.6,0,0,8,3,0,0,-2.6000000000000227,-2.6000000000000227
2025,2024-12-23,sc2510,sc2511,20241223 15:30:19,526.1,,526.1,,522.9,,522.9,522.6,524.5,522.6,520,522.6,2,0,8,3,0,0,0.2999999999999545,1.8999999999999773
2025,2024-12-24,sc2510,sc2511,20241224 15:27:27,,,,,,,524.5,522.6,524.5,522.6,524.5,522.6,0,0,8,3,0,0,1.8999999999999773,1.8999999999999773
2025,2024-12-25,sc2510,sc2511,20241225 15:53:19,,,,,,,524.5,522.6,524.5,522.6,524.5,522.6,0,0,8,3,0,0,1.8999999999999773,1.8999999999999773
2025,2024-12-26,sc2510,sc2511,20241226 15:30:19,,,,,,,524.5,522.6,524.5,522.6,524.5,522.6,0,0,8,3,0,0,1.8999999999999773,1.8999999999999773
2025,2024-12-27,sc2510,sc2511,20241227 15:36:19,,,,,,,524.5,522.6,524.5,522.6,524.5,522.6,0,0,8,3,0,0,1.8999999999999773,1.8999999999999773
2025,2024-12-30,sc2510,sc2511,20241230 15:39:02,,525.9,,525.9,,525.9,530.2,525.9,530.2,525.9,524.5,522.6,0,1,8,3,0,0,4.300000000000068,4.300000000000068
2025,2024-12-31,sc2510,sc2511,20241231 15:46:08,531.8,,537,,528.4,,537,533.3,532,533.3,530.2,525.9,4,0,10,3,2,0,3.7000000000000455,-1.2999999999999545
2025,2025-01-02,sc2510,sc2511,20250102 15:25:00,540.8,,540.8,,540.8,,540.8,533.3,540.8,533.3,532,533.3,1,0,10,3,0,0,7.5,7.5
2025,2025-01-03,sc2510,sc2511,20250103 18:00:01,549.8,549.6,551.6,549.6,549.8,549.6,551.6,549.6,550.7,549.6,540.8,533.3,2,1,11,3,1,0,2.0,1.1000000000000227
2025,2025-01-06,sc2510,sc2511,20250106 15:23:01,549.8,,559.7,,540.3,,553.7,549.6,550.8,549.6,550.7,549.6,4,0,12,3,1,0,4.100000000000023,1.1999999999999318
2025,2025-01-07,sc2510,sc2511,20250107 16:02:01,557.9,552.1,557.9,552.1,547.9,552.1,547.9,552.1,554.2,552.1,550.8,549.6,3,1,14,4,2,1,-4.2000000000000455,2.1000000000000227
2025,2025-01-08,sc2510,sc2511,20250108 15:28:02,549,546,551,547,548.9,546,551,547,549.5,546.5,554.2,552.1,4,2,14,5,0,1,4.0,3.0
2025,2025-01-09,sc2510,sc2511,20250109 15:54:01,544.4,,545,,544.4,,545,546.5,544.7,546.5,549.5,546.5,2,0,15,5,1,0,-1.5,-1.7999999999999545
2025,2025-01-10,sc2510,sc2511,20250110 15:26:26,549.8,,550.2,,542.4,,549.9,546.5,547.9,546.5,544.7,546.5,6,0,18,5,3,0,3.3999999999999773,1.3999999999999773
2025,2025-01-13,sc2510,sc2511,20250113 15:25:24,565.8,562.9,573,563.9,562.4,558.9,563.2,563.9,567.6,562.3,547.9,546.5,22,5,26,10,8,5,-0.6999999999999318,5.300000000000068
2025,2025-01-14,sc2510,sc2511,20250114 15:22:24,567.3,561.9,567.3,561.9,564.7,561.9,564.7,561.9,566,561.9,567.6,562.3,6,1,30,11,4,1,2.800000000000068,4.100000000000023
2025,2025-01-15,sc2510,sc2511,20250115 15:22:24,567,556.7,568,562.3,560.2,556.7,561.6,562.3,563.5,559.4,566,561.9,8,3,32,12,2,1,-0.6999999999999318,4.100000000000023
2025,2025-01-16,sc2510,sc2511,20250116 15:24:23,566.2,563.1,572.5,568.4,564,560,567,560,567.9,563.5,563.5,559.4,17,16,26,13,-6,1,7.0,4.399999999999977
2025,2025-01-17,sc2510,sc2511,20250117 15:22:25,569.7,,569.8,,563.8,,563.8,563.5,566.8,563.5,567.9,563.5,4,0,26,13,0,0,0.2999999999999545,3.2999999999999545
2025,2025-01-20,sc2510,sc2511,20250120 15:28:02,555.8,552.7,562.4,552.7,555.8,552.7,556.9,552.7,557.5,552.7,566.8,563.5,5,1,23,14,-3,1,4.199999999999932,4.7999999999999545
2025,2025-01-21,sc2510,sc2511,20250121 15:58:03,555.4,552.8,555.9,552.8,555.4,552.6,555.9,552.6,555.7,552.7,557.5,552.7,3,2,23,14,0,0,3.2999999999999545,3.0
2025,2025-01-22,sc2510,sc2511,20250122 15:29:00,,546.5,,546.5,,546.5,555.7,546.5,555.7,546.5,555.7,552.7,0,1,23,14,0,0,9.200000000000045,9.200000000000045
2025,2025-01-23,sc2510,sc2511,20250123 15:28:00,543.7,542.9,563.7,553,543.7,542.9,557.5,553,551.3,548.8,555.7,546.5,23,8,25,16,2,2,4.5,2.5
2025,2025-01-24,sc2510,sc2511,20250124 15:30:00,557,552.9,560.5,558,550.5,550,553.4,550.1,554.1,552.5,551.3,548.8,7,6,25,15,0,-1,3.2999999999999545,1.6000000000000227
2025,2025-01-27,sc2510,sc2511,20250204 10:54:23,554.1,,554.1,,545,,546.5,552.5,549.9,552.5,554.1,552.5,4,0,26,15,1,0,-6.0,-2.6000000000000227
2025,2025-02-05,sc2510,sc2511,20250205 15:23:01,550.5,547.8,550.5,547.8,550.5,547.8,550.5,547.8,550.5,547.8,549.9,552.5,1,1,26,16,0,1,2.7000000000000455,2.7000000000000455
2025,2025-02-06,sc2510,sc2511,20250206 15:23:01,544.6,540.2,544.6,540.2,544.6,536.5,544.6,536.5,544.6,538.3,550.5,547.8,1,2,27,16,1,0,8.100000000000023,6.300000000000068
2025,2025-02-07,sc2510,sc2511,20250207 15:29:02,541,537.2,541,537.2,541,537.2,541,537.2,541,537.2,544.6,538.3,1,1,27,16,0,0,3.7999999999999545,3.7999999999999545
2025,2025-02-10,sc2510,sc2511,20250210 15:28:25,,,,,,,545.3,537.2,545.3,537.2,541,537.2,0,0,27,16,0,0,8.099999999999909,8.099999999999909
2025,2025-02-11,sc2510,sc2511,20250211 15:35:25,,,,,,,549.1,543,549.1,543,545.3,537.2,0,0,27,16,0,0,6.100000000000023,6.100000000000023
2025,2025-02-12,sc2510,sc2511,20250212 15:51:26,553.8,552.8,558.7,555.1,553.8,551,558,551,557.2,554.2,549.1,543,6,17,24,25,-3,9,7.0,3.0
2025,2025-02-13,sc2510,sc2511,20250213 15:24:26,542.3,547.1,542.3,547.1,538.5,533.5,538.5,533.5,540.7,540.2,557.2,554.2,4,12,25,20,1,-5,5.0,0.5
2025,2025-02-14,sc2510,sc2511,20250214 15:24:25,533.9,534.3,544.5,537.1,533.9,534.3,544.5,537.1,540.1,535.7,540.7,540.2,6,2,24,20,-1,0,7.399999999999977,4.399999999999977
2025,2025-02-17,sc2510,sc2511,20250217 15:25:28,523.5,537,541.2,537.1,523.5,534.3,534.1,534.3,536.2,535.7,540.1,535.7,5,4,24,17,0,-3,-0.1999999999999318,0.5
2025,2025-02-18,sc2510,sc2511,20250218 15:27:27,538.4,,541.8,,538.4,,541.8,535.7,540.1,535.7,536.2,535.7,2,0,23,17,-1,0,6.099999999999909,4.399999999999977
2025,2025-02-19,sc2510,sc2511,20250219 15:28:29,,,,,,,541.9,538.3,541.9,538.3,540.1,535.7,0,0,23,17,0,0,3.6000000000000227,3.6000000000000227
2025,2025-02-20,sc2510,sc2511,20250220 15:26:03,546.4,,550.7,,543.6,,543.6,538.3,546,538.3,541.9,538.3,9,0,26,17,3,0,5.300000000000068,7.7000000000000455
2025,2025-02-21,sc2510,sc2511,20250221 15:35:00,542.5,,542.5,,542.5,,542.5,538.3,542.5,538.3,546,538.3,1,0,25,17,-1,0,4.2000000000000455,4.2000000000000455
2025,2025-02-24,sc2510,sc2511,20250224 16:04:00,535.6,,535.6,,529.6,,530.3,534,531.8,534,542.5,538.3,7,0,26,17,1,0,-3.7000000000000455,-2.2000000000000455
2025,2025-02-25,sc2510,sc2511,20250225 15:35:00,533.3,,533.3,,533.3,,533.3,533.3,533.3,533.3,531.8,534,1,0,26,17,0,0,0.0,0.0
2025,2025-02-26,sc2510,sc2511,20250226 15:21:01,527.3,516,527.3,518.3,516.7,516,520.4,516,521,516.5,533.3,533.3,9,4,28,17,2,0,4.399999999999977,4.5
2025,2025-02-27,sc2510,sc2511,20250227 15:29:01,519.9,518.8,521.4,520.6,519.3,517.8,519.3,520.6,520.4,519,521,516.5,9,3,30,17,2,0,-1.3000000000000682,1.3999999999999773
2025,2025-02-28,sc2510,sc2511,20250228 15:25:02,523.1,522.7,528.8,522.7,523.1,522.7,528.8,522.7,525,522.7,520.4,519,4,2,30,18,0,1,6.099999999999909,2.2999999999999545
2025,2025-03-03,sc2510,sc2511,20250303 15:30:01,524,,526.8,,524,,526.8,522.7,525.4,522.7,525,522.7,2,0,31,18,1,0,4.099999999999909,2.699999999999932
2025,2025-03-04,sc2510,sc2511,20250304 15:20:01,514.5,507.2,514.5,507.2,508,507.1,508,507.1,510.4,507.1,525.4,522.7,11,2,33,20,2,2,0.8999999999999773,3.2999999999999545
2025,2025-03-05,sc2510,sc2511,20250305 15:22:01,506.9,502.6,506.9,503.9,504.5,501,504.5,503.9,505.7,503,510.4,507.1,2,5,33,20,0,0,0.6000000000000227,2.6999999999999886
2025,2025-03-06,sc2510,sc2511,20250306 15:24:02,500.4,495.3,500.4,496.2,490,494,497,494.9,495.5,495.1,505.7,503,15,4,38,21,5,1,2.1000000000000227,0.39999999999997726
2025,2025-03-07,sc2510,sc2511,20250307 15:25:02,496.8,495.5,498.2,495.5,493,493,497.4,494.9,496,494.4,495.5,495.1,38,3,56,21,18,0,2.5,1.6000000000000227
2025,2025-03-10,sc2510,sc2511,20250310 15:23:25,502.8,502.1,510,504.8,502,501.4,502,501.4,507.2,502.6,496,494.4,33,4,63,22,7,1,0.6000000000000227,4.599999999999966
2025,2025-03-11,sc2510,sc2511,20250311 15:29:26,491.2,502.7,495.7,502.8,491.2,492.4,495.7,494.4,493.8,499,507.2,502.6,5,5,64,23,1,1,1.3000000000000114,-5.199999999999989
2025,2025-03-12,sc2510,sc2511,20250312 15:27:25,500.1,500.9,500.1,500.9,495.9,496.2,497.3,496.3,497.7,498.3,493.8,499,3,10,64,28,0,5,1.0,-0.6000000000000227
2025,2025-03-13,sc2510,sc2511,20250313 15:56:26,,499.7,,501,,499.1,500.9,500,500.9,499.9,497.7,498.3,0,10,64,31,0,3,0.8999999999999773,1.0
2025,2025-03-14,sc2510,sc2511,20250314 15:28:24,502.5,496.2,503.2,496.8,498.1,496.2,501.1,496.8,501.6,496.5,500.9,499.9,7,2,68,29,4,-2,4.300000000000011,5.100000000000023
2025,2025-03-17,sc2510,sc2511,20250317 15:30:27,500,497,513.6,506.2,498.2,496.8,511.3,506.2,509.6,502.7,501.6,496.5,137,14,140,27,72,-2,5.100000000000023,6.900000000000034
2025,2025-03-18,sc2510,sc2511,20250318 15:31:28,508.9,505.8,511.7,505.8,506.2,504,511.7,504,508.2,505.3,509.6,502.7,18,4,140,25,0,-2,7.699999999999989,2.8999999999999773
2025,2025-03-19,sc2510,sc2511,20250319 15:27:29,510.4,,511.1,,506,,506,503.2,509.1,503.2,508.2,505.3,3,0,139,25,-1,0,2.8000000000000114,5.900000000000034
2025,2025-03-20,sc2510,sc2511,20250320 15:25:00,507.1,505.2,510.8,507.3,507.1,505.2,508.9,507.3,508.5,506.2,509.1,503.2,6,2,140,25,1,0,1.599999999999966,2.3000000000000114
2025,2025-03-21,sc2510,sc2511,20250321 15:29:00,510.5,518.1,517.2,518.1,509.8,513,516.4,513,515,514.8,508.5,506.2,12,4,139,25,-1,0,3.3999999999999773,0.20000000000004547
2025,2025-03-24,sc2510,sc2511,20250324 15:28:00,519.1,,520.6,,510.6,,520.6,514.8,516.7,514.8,515,514.8,4,0,138,25,-1,0,5.800000000000068,1.900000000000091
2025,2025-03-25,sc2510,sc2511,20250325 16:03:01,520,514.8,523,520.8,520,514.8,523,520.8,521.5,518.6,516.7,514.8,2,3,138,25,0,0,2.2000000000000455,2.8999999999999773
2025,2025-03-26,sc2510,sc2511,20250326 15:26:01,525.5,522.8,528.1,523.9,525.3,521,526.7,521,526,522.9,521.5,518.6,6,4,136,26,-2,1,5.7000000000000455,3.1000000000000227
2025,2025-03-27,sc2510,sc2511,20250327 15:31:01,529.9,525.4,530,525.4,523.8,522.3,523.8,522.7,525.3,523.5,526,522.9,131,8,83,26,-53,0,1.099999999999909,1.7999999999999545
2025,2025-03-28,sc2510,sc2511,20250328 15:30:02,524.8,523.7,526.9,523.7,517.5,522.7,525.2,522.7,524.9,523.2,525.3,523.5,14,2,84,25,1,-1,2.5,1.6999999999999318
2025,2025-03-31,sc2510,sc2511,20250331 15:33:28,527.2,524.1,527.2,524.1,519.6,523.2,519.6,523.2,522.6,523.6,524.9,523.2,3,2,84,24,0,-1,-3.6000000000000227,-1.0
2025,2025-04-01,sc2510,sc2511,20250401 15:24:01,530.3,527.5,536.5,530.1,530,527.5,535.6,529.8,533.7,528.4,522.6,523.6,11,5,81,23,-3,-1,5.800000000000068,5.300000000000068
2025,2025-04-02,sc2510,sc2511,20250402 15:24:01,533.8,,535.7,,533.8,,534.6,528.4,535,528.4,533.7,528.4,9,0,82,23,1,0,6.2000000000000455,6.600000000000023
2025,2025-04-03,sc2510,sc2511,20250403 15:38:01,525.4,517.2,528.2,517.2,524.8,517.2,524.8,517.2,526.2,517.2,535,528.4,17,1,84,23,2,0,7.599999999999909,9.0
2025,2025-04-07,sc2510,sc2511,20250407 16:02:02,489.3,480.9,489.3,489.9,489.3,480.9,489.3,480.9,489.3,481.6,526.2,517.2,3,12,85,28,1,5,8.400000000000034,7.699999999999989
2025,2025-04-08,sc2510,sc2511,20250408 15:38:03,469.7,440.1,486.8,482.7,469.7,440.1,475.7,471.5,476.1,476.4,489.3,481.6,284,196,199,134,114,106,4.199999999999989,-0.2999999999999545
2025,2025-04-09,sc2510,sc2511,20250409 15:31:03,477,476.3,477,487,445.6,447.1,455,455.2,452.5,462,476.1,476.4,181,75,192,164,-7,30,-0.19999999999998863,-9.5
2025,2025-04-10,sc2510,sc2511,20250410 15:39:28,443.5,440,479.2,472.8,442.3,440,472,471.1,450.4,453.1,452.5,462,209,37,263,178,71,14,0.8999999999999773,-2.7000000000000455
2025,2025-04-11,sc2510,sc2511,20250411 16:29:25,460,458.3,465,464.3,455.5,458.3,463.1,464.3,459.4,460.3,450.4,453.1,50,3,268,179,5,1,-1.1999999999999886,-0.9000000000000341
2025,2025-04-14,sc2510,sc2511,20250414 16:01:31,460,457.6,468.6,463,456.3,456.7,465,462.9,461.4,459.4,459.4,460.3,71,13,287,183,19,4,2.1000000000000227,2.0
2025,2025-04-15,sc2510,sc2511,20250415 15:32:29,469.7,466.6,469.7,467.9,463.2,465.6,468.8,467.6,468,466.8,461.4,459.4,32,9,296,188,9,5,1.1999999999999886,1.1999999999999886
2025,2025-04-16,sc2510,sc2511,20250416 15:24:31,465.2,464.7,468.6,465.7,458.7,456.4,459,460,463.3,462.3,468,466.8,32,11,300,190,4,2,-1.0,1.0
2025,2025-04-17,sc2510,sc2511,20250417 15:24:30,466.2,469.1,477.2,475,466.2,469.1,474.5,475,470.2,472.7,463.3,462.3,173,9,294,189,-6,-1,-0.5,-2.5
2025,2025-04-18,sc2510,sc2511,20250418 15:27:32,476.7,476.4,484.7,481.9,475,474.6,479.9,478.5,480.7,476.8,470.2,472.7,149,64,313,180,19,-9,1.3999999999999773,3.8999999999999773
2025,2025-04-21,sc2510,sc2511,20250421 15:38:00,478.3,475.8,480,478.2,473.5,470.9,477.9,475.6,477.2,474.1,480.7,476.8,107,111,289,130,-24,-50,2.2999999999999545,3.099999999999966
2025,2025-04-22,sc2510,sc2511,20250422 15:37:00,473.4,471.5,480,477,470.2,469,477.9,475,475.3,472.5,477.2,474.1,101,34,310,124,21,-6,2.8999999999999773,2.8000000000000114
2025,2025-04-23,sc2510,sc2511,20250423 15:27:00,478.3,476.4,488,484.5,478,475,487.1,484.5,484.6,479.6,475.3,472.5,83,10,296,121,-14,-3,2.6000000000000227,5.0
2025,2025-04-24,sc2510,sc2511,20250424 16:04:00,483,477.5,483,478.1,469,467.5,475.4,471.9,476.9,471.5,484.6,479.6,168,18,346,122,50,1,3.5,5.399999999999977
2025,2025-04-25,sc2510,sc2511,20250425 15:28:00,476.3,472.3,477.5,475.6,472.5,471.5,477.4,475.3,476,474.4,476.9,471.5,52,18,359,133,13,11,2.099999999999966,1.6000000000000227
2025,2025-04-28,sc2510,sc2511,20250428 15:30:01,470.6,468.7,479.3,477.6,470.6,468.7,479.3,477.1,475.9,474.1,476,474.4,52,21,379,140,20,7,2.1999999999999886,1.7999999999999545
2025,2025-04-29,sc2510,sc2511,20250429 18:24:02,476.2,474.2,477,475,463,463.9,465.8,465.3,468,469.6,475.9,474.1,202,23,441,142,62,2,0.5,-1.6000000000000227
2025,2025-04-30,sc2510,sc2511,20250430 15:39:32,462,460.7,462.9,462.4,453.3,452.8,455.5,454.3,457.1,459,468,469.6,124,61,472,172,31,30,1.1999999999999886,-1.8999999999999773
2025,2025-05-06,sc2510,sc2511,20250506 15:28:02,444.1,443.7,444.1,443.7,439.7,438.4,443.7,440.5,441.3,440.1,457.1,459,331,66,641,201,169,29,3.1999999999999886,1.1999999999999886
2025,2025-05-07,sc2510,sc2511,20250507 15:25:02,445.4,442.9,453.7,452.2,444.2,442.9,453.7,451.3,448.6,449.1,441.3,440.1,362,169,807,287,166,86,2.3999999999999773,-0.5
2025,2025-05-08,sc2510,sc2511,20250508 15:24:02,453.1,447.1,453.1,447.1,442.9,440.8,445.2,442,445.5,444,448.6,449.1,102,33,789,291,-18,4,3.1999999999999886,1.5
2025,2025-05-09,sc2510,sc2511,20250509 15:26:02,447.9,449,455.6,457.3,447.2,449,454.2,452,452.2,451.1,445.5,444,61,60,769,316,-20,25,2.1999999999999886,1.099999999999966
2025,2025-05-12,sc2510,sc2511,20250512 15:29:28,457.4,453.9,464.6,461.1,452.3,451,464.6,460.4,458.7,457.3,452.2,451.1,79,47,752,327,-17,11,4.2000000000000455,1.3999999999999773
2025,2025-05-13,sc2510,sc2511,20250513 15:25:29,470.3,466.6,470.5,469.7,461.4,459.7,463.5,461.2,466.6,461.6,458.7,457.3,238,146,691,337,-61,10,2.3000000000000114,5.0
2025,2025-05-14,sc2510,sc2511,20250514 16:02:31,466.7,463.5,474.4,472.7,465,463.1,470.4,468,469.6,467.4,466.6,461.6,316,221,605,240,-86,-97,2.3999999999999773,2.2000000000000455
2025,2025-05-15,sc2510,sc2511,20250515 15:26:32,470.3,467.2,472,470.8,454.3,453.7,454.3,453.7,461.9,460.5,469.6,467.4,210,86,625,255,20,15,0.6000000000000227,1.3999999999999773
2025,2025-05-16,sc2510,sc2511,20250516 15:28:33,457.3,454.8,458.3,454.8,450.7,449.9,451.2,449.9,454.8,452.5,461.9,460.5,350,23,606,266,-19,11,1.3000000000000114,2.3000000000000114
2025,2025-05-19,sc2510,sc2511,20250519 15:32:35,455,453.6,458.1,458.5,453.4,452.1,458,456.1,455.6,455.1,454.8,452.5,531,31,666,257,60,-9,1.8999999999999773,0.5
2025,2025-05-20,sc2510,sc2511,20250520 15:29:00,460.4,457.9,463.2,463.9,457.5,457.6,460.2,459.2,461.3,461,455.6,455.1,234,122,705,317,39,60,1.0,0.30000000000001137
2025,2025-05-21,sc2510,sc2511,20250521 15:29:00,460.8,458,470.3,467.5,458.5,457.3,465.2,463.9,464.6,461.8,461.3,461,377,211,711,361,6,44,1.3000000000000114,2.8000000000000114
2025,2025-05-22,sc2510,sc2511,20250522 15:24:00,464.1,461.5,464.1,462,448.8,449.2,448.8,449.2,455.9,455.9,464.6,461.8,263,177,796,424,85,63,-0.39999999999997726,0.0
2025,2025-05-23,sc2510,sc2511,20250523 15:33:00,448.8,449.4,453,451.6,448.8,448.7,450,448.9,450.6,450,455.9,455.9,183,77,849,449,53,25,1.1000000000000227,0.6000000000000227
2025,2025-05-26,sc2510,sc2511,20250526 16:05:02,447.7,447.9,455,453.8,446.9,446.4,453.8,452.7,450.7,450.3,450.6,450,437,127,935,445,86,-4,1.1000000000000227,0.39999999999997726
2025,2025-05-27,sc2510,sc2511,20250527 15:23:02,451.8,450.9,454.1,453.1,448.5,447.5,452.2,451.3,451.6,450.3,450.7,450.3,224,54,966,456,31,11,0.8999999999999773,1.3000000000000114
2025,2025-05-28,sc2510,sc2511,20250528 15:33:02,450,449.6,450.8,449.6,444.5,443.8,447.5,446.4,447.7,447.3,451.6,450.3,212,45,992,450,26,-6,1.1000000000000227,0.39999999999997726
2025,2025-05-29,sc2510,sc2511,20250529 15:23:02,452.8,451.4,458.6,456.6,450.2,450.2,457.8,455.9,455.1,453.8,447.7,447.3,717,139,956,431,-36,-19,1.900000000000034,1.3000000000000114
2025,2025-05-30,sc2510,sc2511,20250530 15:28:31,452.1,449.5,452.1,449.5,440.8,439.9,441.5,441.1,445.3,443.9,455.1,453.8,698,127,1119,497,163,66,0.39999999999997726,1.400000000000034
2025,2025-06-03,sc2510,sc2511,20250603 15:26:02,452.9,453,458.2,456.5,452.9,452.2,454.1,452.7,455.3,454.7,445.3,443.9,695,59,1171,492,52,-5,1.400000000000034,0.6000000000000227
2025,2025-06-04,sc2510,sc2511,20250604 15:24:02,455.6,454,461.1,459.2,454.4,453.2,459.7,457.2,458.2,456.6,455.3,454.7,432,133,1101,442,-70,-50,2.5,1.599999999999966
2025,2025-06-05,sc2510,sc2511,20250605 15:23:02,458,457.7,460.7,458.9,452.5,451.8,455.4,454.2,455.8,455.8,458.2,456.6,600,64,1170,455,69,13,1.1999999999999886,0.0
2025,2025-06-06,sc2510,sc2511,20250606 15:27:03,459,458.2,461,459.3,457.2,457.3,459.1,458.1,459.1,458.2,455.8,455.8,359,10,1234,453,64,-2,1.0,0.9000000000000341
2025,2025-06-09,sc2510,sc2511,20250609 15:34:02,460.7,459.8,467.8,465.9,460.7,459.8,465.5,465.5,465.4,464.1,459.1,458.2,569,42,1240,443,6,-10,0.0,1.2999999999999545
2025,2025-06-10,sc2510,sc2511,20250610 15:31:29,468,465.5,472.5,471.2,465.2,465.5,470.1,468.5,469.9,469.4,465.4,464.1,614,98,1190,435,-50,-8,1.6000000000000227,0.5
2025,2025-06-11,sc2510,sc2511,20250611 15:29:30,471.6,469,474.7,473.3,467.3,465.9,468.3,467.8,470.6,468.2,469.9,469.4,509,87,1154,415,-36,-20,0.5,2.400000000000034
2025,2025-06-12,sc2510,sc2511,20250612 15:59:32,475.7,472.9,487.1,490.5,474.1,472.4,482.9,480.5,480.7,480.4,470.6,468.2,1134,122,1077,407,-77,-8,2.3999999999999773,0.30000000000001137
2025,2025-06-13,sc2510,sc2511,20250613 15:34:33,479.6,478.9,523.9,523.1,479.2,477.5,507.3,503.1,510.4,511.1,480.7,480.4,6200,1743,1639,407,562,0,4.199999999999989,-0.7000000000000455
2025,2025-06-16,sc2510,sc2511,20250616 15:34:36,517.7,514.1,521.4,518.8,505.8,501.4,516.7,511.9,514.3,510.1,510.4,511.1,5562,730,2283,469,644,62,4.800000000000068,4.199999999999932
2025,2025-06-17,sc2510,sc2511,20250617 15:34:35,506.5,501.6,517.4,511.8,495.6,492.2,508.7,503.6,506.4,503.3,514.3,510.1,5149,448,2446,482,163,13,5.099999999999966,3.099999999999966
2025,2025-06-18,sc2510,sc2511,20250618 15:33:35,515.5,511.1,539,532.6,513.9,509,535.6,527.9,529.5,523.1,506.4,503.3,9077,987,2381,476,-65,-6,7.7000000000000455,6.399999999999977
2025,2025-06-19,sc2510,sc2511,20250619 15:37:32,537.8,532,543.9,534.5,524.7,517.2,543.3,533.4,535.7,528.1,529.5,523.1,12034,897,3736,565,1355,89,9.899999999999977,7.600000000000023
2025,2025-06-20,sc2510,sc2511,20250620 17:34:01,544.1,534,553.8,542.3,537.9,528.9,541.3,531.3,545,534.7,535.7,528.1,9872,961,4487,597,751,32,10.0,10.299999999999955
2025,2025-06-23,sc2510,sc2511,20250623 15:37:01,538.6,529,559,549,535.3,526.8,550.3,541.4,547.1,539.7,545,534.7,9411,964,4683,574,196,-23,8.899999999999977,7.399999999999977
2025,2025-06-24,sc2510,sc2511,20250624 16:13:01,543.3,535.8,549.3,539.6,497.8,491.1,497.8,491.1,520.2,507.8,547.1,539.7,22098,3475,7566,1106,2883,532,6.699999999999989,12.400000000000034
2025,2025-06-25,sc2510,sc2511,20250625 18:05:02,497.7,491.9,500.2,494.2,485.4,481,494.1,490.5,493.3,488.7,520.2,507.8,14067,6551,8005,2704,439,1598,3.6000000000000227,4.600000000000023
2025,2025-06-26,sc2510,sc2511,20250626 15:52:02,491.5,488.2,493.8,489.3,484.3,481,488,485.1,489.4,485.3,493.3,488.7,11443,3330,9387,3258,1382,554,2.8999999999999773,4.099999999999966
2025,2025-06-27,sc2510,sc2511,20250627 15:40:03,484.9,483.8,491.4,488.3,483.8,481.5,486.4,483.7,487.6,485.8,489.4,485.3,8646,3056,9655,3592,268,334,2.6999999999999886,1.8000000000000114
2025,2025-06-30,sc2510,sc2511,20250630 15:54:32,486.1,484.2,490.5,487.4,480.9,478.5,483.9,480.4,484.8,481.7,487.6,485.8,9350,2527,10516,3188,861,-404,3.5,3.1000000000000227
2025,2025-07-01,sc2510,sc2511,20250701 15:40:01,485.8,482.6,487.7,484,482.4,479.1,487.2,482.8,485.4,481.8,484.8,481.7,4431,1396,10623,3388,107,200,4.399999999999977,3.599999999999966
2025,2025-07-02,sc2510,sc2511,20250702 15:23:02,491,486,491,486,484.8,481,487.4,482.6,487.4,482.9,485.4,481.8,5242,1189,11082,3582,459,194,4.7999999999999545,4.5
2025,2025-07-03,sc2510,sc2511,20250703 15:24:02,491.5,485.4,497.8,492.6,487.8,483.1,494.4,488.5,492.4,487.2,487.4,482.9,5194,1025,11333,3579,251,-3,5.899999999999977,5.199999999999989
2025,2025-07-04,sc2510,sc2511,20250704 15:35:03,496.6,489.6,496.6,490.9,492.5,487.3,493.2,487.9,494.8,489.4,492.4,487.2,5551,674,11609,3598,276,19,5.300000000000011,5.400000000000034
2025,2025-07-07,sc2510,sc2511,20250707 15:26:03,491.8,486.6,494.6,489.3,485.1,481.3,492.4,487.5,490.6,485.9,494.8,489.4,3811,466,11586,3573,-23,-25,4.899999999999977,4.7000000000000455
2025,2025-07-08,sc2510,sc2511,20250708 15:22:03,496,490.6,500.3,494.9,495.2,489.6,498.9,492.9,497.6,491.4,490.6,485.9,7354,1018,12082,3579,496,6,6.0,6.2000000000000455
2025,2025-07-09,sc2510,sc2511,20250709 17:35:02,501.6,495.5,506.7,500.4,499.7,493.7,504,497.2,503.3,496.9,497.6,491.4,7725,743,12114,3599,32,20,6.800000000000011,6.400000000000034
2025,2025-07-10,sc2510,sc2511,20250710 15:24:00,503.7,497.5,506,500.2,501.1,495.2,504.8,498.9,503.4,497.5,503.3,496.9,6234,848,12539,3559,425,-40,5.900000000000034,5.899999999999977
2025,2025-07-11,sc2510,sc2511,20250711 15:24:04,501,495.8,502.4,496.2,495.7,490.5,497.2,492,497.4,492.1,503.4,497.5,8173,1524,12633,3841,94,282,5.199999999999989,5.2999999999999545
2025,2025-07-14,sc2510,sc2511,20250714 15:24:05,499.1,493.2,508.1,503.2,498.6,493.2,506.5,501.5,504.9,500,497.4,492.1,7493,1143,13094,3954,461,113,5.0,4.899999999999977
2025,2025-07-15,sc2510,sc2511,20250715 18:23:10,509.6,502.6,509.6,503.3,498.1,492.4,499.6,493.9,502.2,496.2,504.9,500,10452,3263,13371,4734,277,780,5.7000000000000455,6.0
2025,2025-07-16,sc2510,sc2511,20250716 15:23:04,501.8,495.8,502.6,496.6,498.7,493.4,501.1,495.4,500.5,494.7,502.2,496.2,5790,815,13493,4902,122,168,5.7000000000000455,5.800000000000011
2025,2025-07-17,sc2510,sc2511,20250717 15:25:06,496.8,490,501.4,495.8,493.2,488.2,498.7,493.1,496.6,491.3,500.5,494.7,9100,1091,13345,4865,-148,-37,5.599999999999966,5.300000000000011
2025,2025-07-18,sc2510,sc2511,20250718 15:26:30,499.9,494.2,510.4,503.3,498.5,492.9,508.1,501.6,504.1,498.6,496.6,491.3,10633,1462,14720,5154,1375,289,6.5,5.5
2025,2025-07-21,sc2510,sc2511,20250721 15:24:00,509.9,502.9,512.4,505.2,504.4,498.6,505,499.5,507.3,500.7,504.1,498.6,16529,1911,16340,5393,1620,239,5.5,6.600000000000023
2025,2025-07-22,sc2510,sc2511,20250722 15:36:01,505,495.8,505,499,496.1,491.6,499,494.4,499.6,495,507.3,500.7,16079,3666,17289,5756,949,363,4.600000000000023,4.600000000000023
2025,2025-07-23,sc2510,sc2511,20250723 15:32:01,497.8,493.5,502.4,496.9,495.4,490.6,498,494,498.1,493.1,499.6,495,14414,3891,17497,6582,208,826,4.0,5.0
2025,2025-07-24,sc2510,sc2511,20250724 15:33:02,496.4,492.5,504.4,499.6,494.5,490.7,502.4,497.6,498.7,494.5,498.1,493.1,15175,3791,17806,6858,309,276,4.7999999999999545,4.199999999999989
2025,2025-07-25,sc2510,sc2511,20250725 16:00:02,502.5,498,506.7,502.1,497.7,493.4,506.7,501.9,502.9,498,498.7,494.5,16464,5967,17699,7467,-107,609,4.800000000000011,4.899999999999977
2025,2025-07-28,sc2510,sc2511,20250728 17:07:05,507,502.2,507.1,502.2,496.5,492.5,500.1,496.3,500.1,495.6,502.9,498,16237,5197,17126,7615,-573,148,3.8000000000000114,4.5
2025,2025-07-29,sc2510,sc2511,20250729 15:56:03,504.5,500.2,510.1,505.9,503.8,499.6,508.4,504.6,507.8,503.8,500.1,495.6,19294,5741,17486,8815,360,1200,3.7999999999999545,4.0
2025,2025-07-30,sc2510,sc2511,20250730 15:46:43,511.2,507.4,523.4,519.3,510.9,507,521.5,518.3,518.5,515.1,507.8,503.8,25429,5685,20199,9794,2713,979,3.2000000000000455,3.3999999999999773
2025,2025-07-31,sc2510,sc2511,20250731 15:35:14,523.1,519.3,528.4,524.4,522.4,519.2,526.1,522,525.3,522,518.5,515.1,24797,4662,20203,9304,4,-490,4.100000000000023,3.2999999999999545
2025,2025-08-01,sc2510,sc2511,20250801 15:28:02,524.8,521.6,527.7,524.1,520,516.5,523.3,519.7,523.7,519.8,525.3,522,24706,4367,19485,9289,-718,-15,3.599999999999909,3.900000000000091
2025,2025-08-04,sc2510,sc2511,20250804 15:28:03,523.1,519,523.1,519,505,501.2,508.8,504.9,511.8,507.9,523.7,519.8,33575,5343,19756,9268,271,-21,3.900000000000034,3.900000000000034
2025,2025-08-05,sc2510,sc2511,20250805 15:21:03,497.8,494.7,507.5,503.5,497.1,492.9,503.6,499.7,503.3,499.4,511.8,507.9,29401,5635,20406,9730,650,462,3.900000000000034,3.900000000000034
2025,2025-08-06,sc2510,sc2511,20250806 15:21:03,499.6,495.7,501.2,497,496.1,492.4,501,496.5,499.5,495.4,503.3,499.4,30552,7388,20856,9439,450,-291,4.5,4.100000000000023
2025,2025-08-07,sc2510,sc2511,20250807 15:29:02,503.8,499.5,506,501.8,493.3,489.4,496.9,492.6,499.9,495.2,499.5,495.4,44405,8130,23209,9493,2353,54,4.2999999999999545,4.699999999999989
2025,2025-08-08,sc2510,sc2511,20250808 15:25:03,497.8,492.5,497.8,492.8,487.3,483.9,488.6,485.1,493,488,499.9,495.2,32870,7321,25299,10122,2090,629,3.5,5.0
2025,2025-08-11,sc2510,sc2511,20250811 15:29:37,493.5,489.9,496.1,492.2,486,481.9,487.1,484.1,490.1,485.8,493,488,48680,10243,27114,10446,1815,324,3.0,4.300000000000011
2025,2025-08-12,sc2510,sc2511,20250812 15:26:34,492.5,489,495.1,492,490.4,487.4,494.2,491.3,492.6,489.7,490.1,485.8,32871,4622,27895,10888,781,442,2.8999999999999773,2.900000000000034
2025,2025-08-13,sc2510,sc2511,20250813 15:55:33,490,487.3,492.3,489.1,488.2,485.7,490.6,488,490.2,487,492.6,489.7,40926,6474,30917,10768,3022,-120,2.6000000000000227,3.1999999999999886
2025,2025-08-14,sc2510,sc2511,20250814 15:25:37,490.6,487.3,490.7,487.5,482.8,480.6,485.5,483.5,485.9,483.4,490.2,487,61943,9229,33455,10320,2538,-448,2.0,2.5
2025,2025-08-15,sc2510,sc2511,20250815 15:23:33,487,484,490.9,488.4,485.4,483.5,488.1,486.1,488.9,486.6,485.9,483.4,57157,6642,32519,10128,-936,-192,2.0,2.2999999999999545
2025,2025-08-18,sc2510,sc2511,20250818 15:21:38,486.4,485,488.2,486,480.5,478.9,486.5,483.2,485.2,482.3,488.9,486.6,110520,10549,34937,10509,2418,381,3.3000000000000114,2.8999999999999773
2025,2025-08-19,sc2510,sc2511,20250819 15:40:35,487.9,482.6,490.4,487.6,480.9,477.8,484.2,483,485.1,482.4,485.2,482.3,117329,10606,36350,10520,1413,11,1.1999999999999886,2.7000000000000455
2025,2025-08-20,sc2510,sc2511,20250820 15:38:00,482.2,481.1,484.7,483.6,479,478.8,482.8,482.6,482,481.2,485.1,482.4,114618,13540,37855,10834,1505,314,0.19999999999998863,0.8000000000000114
2025,2025-08-21,sc2510,sc2511,20250821 15:23:01,483.9,483.3,491,489.3,483.2,482.1,490.9,489.2,486.7,485.7,482,481.2,116216,12202,36440,10562,-1415,-272,1.6999999999999886,1.0
2025,2025-08-22,sc2510,sc2511,20250822 17:57:01,488.7,487.5,494.6,492.8,487.1,485.7,493.6,492.2,491,489.6,486.7,485.7,109851,10419,37322,10882,882,320,1.400000000000034,1.3999999999999773
2025,2025-08-25,sc2510,sc2511,20250825 15:52:04,494,492.5,495.8,494.1,491.1,489.6,492.9,491.3,493.5,491.9,491,489.6,102824,11723,37424,12150,102,1268,1.599999999999966,1.6000000000000227
2025,2025-08-26,sc2510,sc2511,20250826 15:17:03,494.5,492.6,500.8,499.2,494,492.5,496.1,495.1,497.7,496,493.5,491.9,95625,12821,37040,13116,-384,966,1.0,1.6999999999999886
2025,2025-08-27,sc2510,sc2511,20250827 15:25:03,491.7,490.5,493.3,492.8,478,480.1,479.7,481.3,486.4,485.7,497.7,496,125394,19124,39460,15815,2420,2699,-1.6000000000000227,0.6999999999999886
2025,2025-08-28,sc2510,sc2511,20250828 15:19:03,482.5,483.5,483.6,485.5,478.4,480.3,481.7,482.7,481.1,482.7,486.4,485.7,93391,12761,35842,15573,-3618,-242,-1.0,-1.599999999999966
2025,2025-08-29,sc2510,sc2511,20250829 15:25:04,483.4,484.4,486.8,487.1,479.8,480.3,485.2,485.2,482.9,483.7,481.1,482.7,98327,15592,31938,16358,-3904,785,0.0,-0.8000000000000114
2025,2025-09-01,sc2510,sc2511,20250901 15:22:02,487,486.4,487.2,487.5,479.3,481,483.5,484.5,483.6,484,482.9,483.7,81087,18898,32147,17647,209,1289,-1.0,-0.39999999999997726
2025,2025-09-02,sc2510,sc2511,20250902 15:17:03,487,488,492.5,493.8,487,488,490.4,492.3,489.8,491.2,483.6,484,79810,20311,30160,18607,-1987,960,-1.900000000000034,-1.3999999999999773
2025,2025-09-03,sc2510,sc2511,20250903 15:17:03,487.7,489.7,496,497,486.4,488.1,493.2,494.1,491.8,493.2,489.8,491.2,90880,19552,28983,18711,-1177,104,-0.9000000000000341,-1.3999999999999773
2025,2025-09-04,sc2510,sc2511,20250904 15:22:03,487,488,487.7,489,479.9,481,481,482.4,483.6,484.6,491.8,493.2,117977,32587,27643,18429,-1340,-282,-1.3999999999999773,-1.0
2025,2025-09-05,sc2510,sc2511,20250905 15:20:03,480.2,482.8,484.8,484.1,478.5,479.2,482,481.9,482.3,481.9,483.6,484.6,88635,23610,25244,18456,-2399,27,0.10000000000002274,0.4000000000000341
2025,2025-09-08,sc2510,sc2511,20250908 15:22:14,475.6,476,491.4,487.6,468.8,470,490.5,486.2,476.2,477.2,482.3,481.9,130455,35560,24608,19083,-636,627,4.300000000000011,-1.0
2025,2025-09-09,sc2510,sc2511,20250909 15:31:12,490.5,485.9,492.6,487,479.3,478,482.8,482.2,483.4,481.3,476.2,477.2,111076,27026,24849,20292,241,1209,0.6000000000000227,2.099999999999966
2025,2025-09-10,sc2510,sc2511,20250910 15:19:56,483,482,489.4,489.6,481.9,482,486.2,488.2,486.1,485.7,483.4,481.3,103360,33224,23689,21768,-1160,1476,-2.0,0.4000000000000341
2025,2025-09-11,sc2510,sc2511,20250911 15:20:01,485.1,488,492.8,492.5,485.1,486,489.2,490.8,488.7,489.4,486.1,485.7,88080,29239,21916,22628,-1773,860,-1.6000000000000227,-0.6999999999999886
2025,2025-09-12,sc2510,sc2511,20250912 16:31:54,483,485,483.5,485.4,473.7,475.7,475.3,476.7,479.2,480.5,488.7,489.4,93831,44262,21383,26745,-533,4117,-1.3999999999999773,-1.3000000000000114
2025,2025-09-15,sc2510,sc2511,20250915 15:21:30,486.6,488.5,491.2,491.3,483.3,484.7,488.1,489.3,488,488.5,479.2,480.5,81997,51752,16504,25871,-4879,-874,-1.1999999999999886,-0.5
2026,2025-12-01,sc2610,sc2611,20251201 15:26:52,460.1,,460.1,,460.1,,460.1,457.1,460.1,457.1,456.5,456.3,1,0,105,7,0,0,3.0,3.0
2026,2025-12-02,sc2610,sc2611,20251202 15:23:51,457.9,,457.9,,455,,455.3,456.4,455.6,456.4,460.1,457.1,27,0,107,7,2,0,-1.099999999999966,-0.7999999999999545
2026,2025-12-03,sc2610,sc2611,20251203 15:28:54,453.6,453.8,453.6,453.8,447.8,451.2,450.1,451.2,449.3,452.5,455.6,456.4,84,2,169,8,62,1,-1.099999999999966,-3.1999999999999886
2026,2025-12-04,sc2610,sc2611,20251204 15:22:55,453.4,,453.4,,450.8,,453.3,452.5,452.3,452.5,449.3,452.5,24,0,177,8,8,0,0.8000000000000114,-0.19999999999998863
2026,2025-12-05,sc2610,sc2611,20251205 15:21:57,453.3,453.4,454.4,453.4,449.2,453.4,453.1,453.4,452.1,453.4,452.3,452.5,95,1,212,8,35,0,-0.2999999999999545,-1.2999999999999545
2026,2025-12-08,sc2610,sc2611,20251208 15:24:35,456.9,457,458,457,454.2,457,456.6,457,456.3,457,452.1,453.4,35,1,220,8,8,0,-0.39999999999997726,-0.6999999999999886
2026,2025-12-09,sc2610,sc2611,20251209 15:33:35,451.6,451.5,452.3,451.5,445.6,451.5,447.7,451.5,448,451.5,456.3,457,103,1,289,7,69,-1,-3.8000000000000114,-3.5
2026,2025-12-10,sc2610,sc2611,20251210 15:28:06,448.6,,448.6,,444.3,,445.4,446.7,445.2,446.7,448,451.5,28,0,293,7,4,0,-1.3000000000000114,-1.5
2026,2025-12-11,sc2610,sc2611,20251211 15:26:01,445.4,447.2,446.7,447.2,441.4,443.4,443.5,443.4,444.2,445.3,445.2,446.7,156,2,421,9,128,2,0.10000000000002274,-1.1000000000000227
2026,2025-12-12,sc2610,sc2611,20251212 15:25:01,443.4,443.4,443.5,443.4,439.2,439,442.6,441.6,441.9,441.4,444.2,445.3,125,4,516,11,95,2,1.0,0.5
2026,2025-12-15,sc2610,sc2611,20251215 15:57:01,441,439,441.1,439.3,437.5,439,438.4,439.3,439.3,439.1,441.9,441.4,143,2,638,12,122,1,-0.9000000000000341,0.19999999999998863
2026,2025-12-16,sc2610,sc2611,20251216 15:28:01,438,436,438,436,431.5,432.7,432.3,432.7,433.5,433.5,439.3,439.1,191,4,729,13,91,1,-0.39999999999997726,0.0
2026,2025-12-17,sc2610,sc2611,20251217 15:21:01,429.9,429.4,430.1,430.9,426.8,427.4,430.1,429.8,428.4,429.4,433.5,433.5,64,6,765,15,36,2,0.30000000000001137,-1.0
2026,2025-12-18,sc2610,sc2611,20251218 15:56:01,431.8,432,434.3,432,427.9,432,430.3,432,430.3,432,428.4,429.4,32,2,768,15,3,0,-1.6999999999999886,-1.6999999999999886
2026,2025-12-19,sc2610,sc2611,20251219 15:26:03,431.2,,431.5,,427.7,,428.9,432,429.3,432,430.3,432,16,0,769,15,1,0,-3.1000000000000227,-2.6999999999999886
2026,2025-12-22,sc2610,sc2611,20251222 15:26:08,431.5,,440.2,,431.5,,440,438.5,438.9,438.5,429.3,432,54,0,773,15,4,0,1.5,0.39999999999997726
2026,2025-12-23,sc2610,sc2611,20251223 15:27:06,443.2,442.4,444.5,443.9,437,441.4,443.3,443.9,443,442.5,438.9,438.5,286,3,788,15,15,0,-0.5999999999999659,0.5
2026,2025-12-24,sc2610,sc2611,20251224 15:31:10,445.7,444.1,445.7,444.1,441.1,443.7,444.3,443.7,443.4,443.9,443,442.5,608,4,854,14,66,-1,0.6000000000000227,-0.5
2026,2025-12-25,sc2610,sc2611,20251225 16:19:12,444.2,443.3,445.5,443.3,440.9,443.3,445.2,443.3,444.2,443.3,443.4,443.9,37,1,854,13,0,-1,1.8999999999999773,0.8999999999999773
2026,2025-12-26,sc2610,sc2611,20251226 15:31:14,446.2,449.5,448.7,449.5,444.3,449.5,444.5,449.5,445.7,449.5,444.2,443.3,58,1,849,14,-5,1,-5.0,-3.8000000000000114
2026,2025-12-29,sc2610,sc2611,20251229 15:30:16,441.3,443,442,443,437,441.1,438.1,441.1,439.8,441.8,445.7,449.5,58,3,848,16,-1,2,-3.0,-2.0
2026,2025-12-30,sc2610,sc2611,20251230 15:31:06,441.9,439.9,442.3,440.6,438.6,439.8,439.3,440.5,439.7,440.2,439.8,441.8,27,4,854,17,6,1,-1.1999999999999886,-0.5
2026,2025-12-31,sc2610,sc2611,20251231 15:43:26,439.3,438.3,440.3,438.3,437.1,438.3,438.8,438.3,438.6,438.3,439.7,440.2,16,1,848,18,-6,1,0.5,0.30000000000001137
2026,2026-01-05,sc2610,sc2611,20260105 15:25:01,436.4,435.9,438.4,435.9,431.3,433,431.4,433,434.6,435.1,438.6,438.3,75,4,859,21,11,3,-1.6000000000000227,-0.5
2026,2026-01-06,sc2610,sc2611,20260106 15:25:01,434.6,,436.6,,434.6,,436.6,436,435.6,436,434.6,435.1,14,0,858,21,-1,0,0.6000000000000227,-0.39999999999997726
2026,2026-01-07,sc2610,sc2611,20260107 16:09:01,438.2,438.6,439.7,441.8,426.3,427,428.9,427,431.1,435,435.6,436,71,5,868,21,10,0,1.8999999999999773,-3.8999999999999773
2026,2026-01-08,sc2610,sc2611,20260108 15:32:02,431.4,433.4,434.4,433.5,426,427.1,428.2,428.3,428.7,429.9,431.1,435,62,5,862,23,-6,2,-0.10000000000002274,-1.1999999999999886
2026,2026-01-09,sc2610,sc2611,20260109 15:28:01,439.9,431.2,444,444,431.2,431.2,442.9,444,438.2,439.9,428.7,429.9,108,80,886,68,24,45,-1.1000000000000227,-1.6999999999999886
2026,2026-01-12,sc2610,sc2611,20260112 15:44:57,442.1,442.2,447.8,447.9,441,441.4,447.3,447.3,446.2,446,438.2,439.9,204,216,961,184,75,116,0.0,0.19999999999998863
2026,2026-01-13,sc2610,sc2611,20260113 15:28:57,446.5,443.8,449.8,450.1,441.4,441.6,449.8,449.9,446.9,446.3,446.2,446,153,176,990,321,29,137,-0.0999999999999659,0.5999999999999659
2026,2026-01-14,sc2610,sc2611,20260114 16:02:32,452.3,453,455.3,455.9,449.8,449.8,453.9,454.2,454,454.1,446.9,446.3,204,337,1062,529,72,208,-0.30000000000001137,-0.10000000000002274
2026,2026-01-15,sc2610,sc2611,20260115 16:08:01,460.5,460.9,462.4,461.6,450.9,451,453.4,453.7,452.9,453.9,454,454.1,218,634,1125,817,63,288,-0.30000000000001137,-1.0
2026,2026-01-16,sc2610,sc2611,20260116 15:28:30,447.1,447.8,450,449.5,445.8,446.2,447.1,447.8,447.7,448.4,452.9,453.9,149,176,1161,891,36,74,-0.6999999999999886,-0.6999999999999886
2026,2026-01-19,sc2610,sc2611,20260119 15:58:33,451.7,450.8,452.7,454.7,446,446.3,446,446.7,447.5,448.5,447.7,448.4,53,67,1178,917,17,26,-0.6999999999999886,-1.0
2026,2026-01-20,sc2610,sc2611,20260120 15:26:10,446.3,446.3,447.7,448.6,444.7,445.3,445.8,445.3,446.1,446.6,447.5,448.5,24,27,1175,911,-3,-6,0.5,-0.5
2026,2026-01-21,sc2610,sc2611,20260121 15:25:11,447.6,447.8,453,452.9,446.7,447,448.7,448.8,448.1,448.9,446.1,446.6,128,106,1212,941,37,30,-0.10000000000002274,-0.7999999999999545
2026,2026-01-22,sc2610,sc2611,20260122 15:27:02,452.3,452.8,454.6,462.2,452,445,453.5,453.1,453.9,454,448.1,448.9,55,35,1216,939,4,-2,0.39999999999997726,-0.10000000000002274
2026,2026-01-23,sc2610,sc2611,20260123 15:38:01,447.3,447.6,450.5,451.6,447.3,444.9,450.2,450.4,449.2,450,453.9,454,180,193,1230,1056,14,117,-0.19999999999998863,-0.8000000000000114
2026,2026-01-26,sc2610,sc2611,20260126 16:27:01,452.2,453.1,463,463.8,452.2,452.5,460.4,462.3,459.7,460.1,449.2,450,221,163,1284,1089,54,33,-1.900000000000034,-0.4000000000000341
2026,2026-01-27,sc2610,sc2611,20260127 15:31:02,458,458.3,460,460.1,452.1,452.7,454.2,456.1,456.8,457.8,459.7,460.1,50,26,1295,1099,11,10,-1.900000000000034,-1.0
2026,2026-01-28,sc2610,sc2611,20260128 15:26:01,454.2,456.1,470.9,471.1,452,456.1,467.8,470.6,464.8,466.1,456.8,457.8,67,29,1297,1099,2,0,-2.8000000000000114,-1.3000000000000114
2026,2026-01-29,sc2610,sc2611,20260129 15:29:01,470,471.2,480.7,482.2,469.6,470.7,478.5,480.2,475.3,475.8,464.8,466.1,84,70,1317,1104,20,5,-1.6999999999999886,-0.5
2026,2026-01-30,sc2610,sc2611,20260130 15:38:27,478.5,484.3,506.7,508.6,473.7,470.4,479.8,482.9,488.1,489.6,475.3,475.8,206,82,1359,1100,42,-4,-3.099999999999966,-1.5
2026,2026-02-02,sc2610,sc2611,20260202 15:58:01,483.9,485.4,493.6,494.1,454.2,455.5,455,455.5,469.5,471.9,488.1,489.6,185,117,1322,1110,-37,10,-0.5,-2.3999999999999773
2026,2026-02-03,sc2610,sc2611,20260203 15:58:01,460,457.2,463.4,463.5,456.6,457.2,460.8,460.8,459.7,460.2,469.5,471.9,103,118,1329,1101,7,-9,0.0,-0.5
2026,2026-02-04,sc2610,sc2611,20260204 15:28:01,464.3,465.6,474.6,475.8,462.9,463.6,473.3,474.3,470.8,470,459.7,460.2,128,176,1358,1164,29,63,-1.0,0.8000000000000114
2026,2026-02-05,sc2610,sc2611,20260205 15:30:01,471.3,472.8,483.5,483.7,467.7,469.5,474.3,473.2,472.7,473.4,470.8,470,115,120,1369,1202,11,38,1.1000000000000227,-0.6999999999999886
2026,2026-02-06,sc2610,sc2611,20260206 15:59:01,472.5,472.1,477.9,478.6,465.8,466.4,475.1,474.9,472.1,472.4,472.7,473.4,53,47,1375,1201,6,-1,0.20000000000004547,-0.2999999999999545
2026,2026-02-09,sc2610,sc2611,20260209 15:30:02,466.8,468.7,479,478.6,464.4,468.7,470,471.2,471.3,471.6,472.1,472.4,97,167,1395,1309,20,108,-1.1999999999999886,-0.30000000000001137
2026,2026-02-10,sc2610,sc2611,20260210 15:23:59,474.1,474.7,480.7,480.9,471.7,471.8,480.7,480.9,476.3,476.2,471.3,471.6,26,131,1398,1352,3,43,-0.19999999999998863,0.10000000000002274
2026,2026-02-11,sc2610,sc2611,20260211 15:26:58,481.4,482,483.8,484.6,478.6,478.5,482.3,481.9,481.3,482.5,476.3,476.2,43,62,1396,1370,-2,18,0.4000000000000341,-1.1999999999999886
2026,2026-02-12,sc2610,sc2611,20260212 15:23:04,488.1,487.6,489.3,490.1,480.2,480.8,482.2,482.5,485,484.7,481.3,482.5,75,65,1428,1388,32,18,-0.30000000000001137,0.30000000000001137
2026,2026-02-13,sc2610,sc2611,20260223 11:22:12,480.3,482.5,480.3,482.5,464.3,464,468.8,467.7,472.3,470.8,485,484.7,41,60,1433,1376,5,-12,1.1000000000000227,1.5
2026,2026-02-24,sc2610,sc2611,20260224 15:29:01,488,488.9,495.7,496.5,488,488.9,492.5,493.2,491.8,492.6,472.3,470.8,274,34,1569,1379,136,3,-0.6999999999999886,-0.8000000000000114
2026,2026-02-25,sc2610,sc2611,20260225 15:25:01,492.5,493,494.7,493.9,476.1,474.9,477.9,475.8,481.4,483,491.8,492.6,1230,1196,1319,1293,-250,-86,2.099999999999966,-1.6000000000000227
2026,2026-02-26,sc2610,sc2611,20260226 15:24:01,477.9,478.8,483,482.3,476.8,476.8,478.7,478,479.4,480.2,481.4,483,464,112,1448,1294,129,1,0.6999999999999886,-0.8000000000000114
2026,2026-02-27,sc2610,sc2611,20260227 15:26:01,470,470.2,489.9,489.9,470,470.2,483.5,483.2,480,481.2,479.4,480.2,361,135,1622,1311,174,17,0.30000000000001137,-1.1999999999999886
2026,2026-03-02,sc2610,sc2611,20260302 15:39:02,494.8,495,523.2,524.5,490,490.7,523.2,522.5,511.5,515.1,480,481.2,566,851,1676,1322,54,11,0.7000000000000455,-3.6000000000000227
2026,2026-03-03,sc2610,sc2611,20260303 16:39:01,532.3,526.2,533.2,532,500.8,498.8,527,522.3,523,518.1,511.5,515.1,1226,604,2132,1346,456,24,4.7000000000000455,4.899999999999977
2026,2026-03-04,sc2610,sc2611,20260304 16:46:01,532.8,548.4,568.6,560.4,521.6,511.4,558.1,551.2,554.5,544.8,523,518.1,5754,945,2967,1381,835,35,6.899999999999977,9.700000000000045
2026,2026-03-05,sc2610,sc2611,20260305 16:19:01,541,530.9,570,557.7,517,510.7,542.2,537.2,546.3,533,554.5,544.8,2398,411,2608,1399,-359,18,5.0,13.299999999999955
2026,2026-03-06,sc2610,sc2611,20260306 16:01:02,552,538.9,572.3,562.3,536.1,525.6,549.3,539.1,548.5,535.4,546.3,533,2334,904,2295,1370,-313,-29,10.199999999999932,13.100000000000023
2026,2026-03-09,sc2610,sc2611,20260309 16:15:02,595.5,579.2,630.7,615.7,579.1,567.6,630.7,615.7,605.2,594.7,548.5,535.4,974,469,2334,1389,39,19,15.0,10.5
2026,2026-03-10,sc2610,sc2611,20260310 16:14:27,645.6,640,650,640,505,533.4,594,584.4,600.3,585.2,605.2,594.7,2222,1157,2055,1235,-279,-154,9.600000000000023,15.099999999999909
2026,2026-03-11,sc2610,sc2611,20260311 15:35:25,596.8,589.9,599.8,591.7,568.1,560.7,595,591.4,590,586.2,600.3,585.2,504,813,2087,1326,32,91,3.6000000000000227,3.7999999999999545
2026,2026-03-12,sc2610,sc2611,20260312 15:30:30,600,604.1,679,671.1,600,596,646,643.5,644.5,640.3,590,586.2,807,1151,2164,1031,77,-295,2.5,4.2000000000000455
2026,2026-03-13,sc2610,sc2611,20260313 15:59:04,660,645.4,668.7,659.8,648.5,642.3,663,654.3,659.6,650.6,644.5,640.3,603,410,2251,1104,87,73,8.700000000000045,9.0
2026,2026-03-16,sc2610,sc2611,20260316 15:28:07,651,639.3,690.1,676.9,647,638.9,676.7,659.1,669.4,661,659.6,650.6,327,138,2245,1084,-6,-20,17.600000000000023,8.399999999999977
2026,2026-03-17,sc2610,sc2611,20260317 15:28:04,650.1,640,677,671.1,636.5,620.4,670.3,658.7,655.7,643.4,669.4,661,176,88,2242,1082,-3,-2,11.599999999999909,12.300000000000068
2026,2026-03-18,sc2610,sc2611,20260318 15:58:07,667.3,656.6,676.2,663.3,642.8,632.7,651.2,641.8,662.1,653,655.7,643.4,321,117,2262,1071,20,-11,9.400000000000091,9.100000000000023
2026,2026-03-19,sc2610,sc2611,20260319 15:32:10,690,686.1,712.6,696.3,680.2,670,708.6,695.2,700.9,686.8,662.1,653,471,256,2226,1042,-36,-29,13.399999999999977,14.100000000000023
2026,2026-03-20,sc2610,sc2611,20260320 15:27:02,707,676.2,708.1,705.2,655.8,642.8,691,679.8,686.6,672.3,700.9,686.8,328,142,2223,1032,-3,-10,11.200000000000045,14.300000000000068
2026,2026-03-23,sc2610,sc2611,20260323 15:28:01,697.5,684.7,746,730,695.9,681.1,740.7,723,717,699.8,686.6,672.3,307,109,2231,1011,8,-21,17.700000000000045,17.200000000000045
2026,2026-03-24,sc2610,sc2611,20260324 15:30:01,660,653.3,692,677.2,638.1,620.8,668.1,660,673.9,657.2,717,699.8,350,142,2217,999,-14,-12,8.100000000000023,16.699999999999932
2026,2026-03-25,sc2610,sc2611,20260325 16:03:01,682.3,657.7,682.3,657.7,621.5,615.2,654.3,643.3,647.4,637.6,673.9,657.2,345,114,2130,1019,-87,20,11.0,9.799999999999955
2026,2026-03-26,sc2610,sc2611,20260326 16:15:03,650,640.5,674.5,662,648.6,639,671,660.3,661.4,650.5,647.4,637.6,139,40,2095,1002,-35,-17,10.700000000000045,10.899999999999977
2026,2026-03-27,sc2610,sc2611,20260327 15:29:01,685.1,673.4,685.1,673.6,666.6,653.9,675.8,663.7,673.2,662.9,661.4,650.5,220,45,2035,981,-60,-21,12.099999999999909,10.300000000000068
2026,2026-03-30,sc2610,sc2611,20260330 15:32:14,684,674.7,704,687.2,674.4,660.6,686,670.6,683.6,672.6,673.2,662.9,511,200,2086,969,51,-12,15.399999999999977,11.0
2026,2026-03-31,sc2610,sc2611,20260331 15:25:39,685.9,670.6,689.3,670.6,660.4,647.2,675.3,654.4,675,657.7,683.6,672.6,244,49,2092,953,6,-16,20.899999999999977,17.299999999999955
2026,2026-04-01,sc2610,sc2611,20260401 15:29:01,670.2,652.6,671.8,656.4,602.9,598.6,602.9,598.6,627.9,621.4,675,657.7,725,166,2084,965,-8,12,4.2999999999999545,6.5
2026,2026-04-02,sc2610,sc2611,20260402 15:25:01,619.4,605.2,654.2,644,590.1,592.6,645.6,634.3,622.6,617.5,627.9,621.4,351,203,2069,1007,-15,42,11.300000000000068,5.100000000000023
2026,2026-04-03,sc2610,sc2611,20260403 15:27:01,667.4,662.3,671.3,662.3,622.3,612.3,655.8,642.8,647.6,636.4,622.6,617.5,305,131,2113,1008,44,1,13.0,11.200000000000045
2026,2026-04-07,sc2610,sc2611,20260407 15:21:03,652.2,632.4,652.2,636.6,641.5,629.2,641.5,630.9,647,633.7,647.6,636.4,213,154,2230,1110,117,102,10.600000000000023,13.299999999999955
2026,2026-04-08,sc2610,sc2611,20260408 15:26:03,641.2,631.9,655,646.4,566.9,567.1,586.2,578.9,598,587.2,647,633.7,1023,289,2134,1110,-96,0,7.300000000000068,10.799999999999955
2026,2026-04-09,sc2610,sc2611,20260409 15:30:01,579.4,575,619.3,611.9,576.8,573.1,616.1,609.4,597.1,593.2,598,587.2,323,141,2145,1089,11,-21,6.7000000000000455,3.8999999999999773
2026,2026-04-10,sc2610,sc2611,20260410 15:26:28,620.2,611.9,620.3,611.9,597.9,592.6,606.8,601.6,604.4,599.9,597.1,593.2,301,86,2076,1120,-69,31,5.199999999999932,4.5
2026,2026-04-13,sc2610,sc2611,20260413 15:25:07,604.1,595.4,637.1,624.2,597.3,593.1,625.5,617.6,607.1,610.5,604.4,599.9,575,101,1907,1114,-169,-6,7.899999999999977,-3.3999999999999773
2026,2026-04-14,sc2610,sc2611,20260414 15:54:11,626.5,619.8,629,620.8,613.8,604,620.9,615.7,622.2,613,607.1,610.5,246,28,1816,1105,-91,-9,5.199999999999932,9.200000000000045
2026,2026-04-15,sc2610,sc2611,20260415 15:28:09,618,608.4,618.7,612.5,603.8,598.2,610,600.8,611.3,604.5,622.2,613,119,53,1813,1098,-3,-7,9.200000000000045,6.7999999999999545
2026,2026-04-16,sc2610,sc2611,20260416 15:31:12,614.5,607,619.3,613.1,610.8,604.4,614.4,609.8,614.4,609.5,611.3,604.5,183,24,1779,1094,-34,-4,4.600000000000023,4.899999999999977
2026,2026-04-17,sc2610,sc2611,20260417 15:53:11,615.2,610.9,623.5,616.8,611.5,610.1,618.4,611.4,618.2,613.2,614.4,609.5,131,22,1805,1093,26,-1,7.0,5.0
2026,2026-04-20,sc2610,sc2611,20260420 15:26:01,581,585.8,605.8,602.1,578.6,567.1,605.8,602.1,590.2,586.8,618.2,613.2,269,71,1834,1094,29,1,3.699999999999932,3.400000000000091
2026,2026-04-21,sc2610,sc2611,20260421 15:38:01,605,599,605.1,599.1,596,592.1,602,597.2,601.7,595.8,590.2,586.8,133,136,1844,1171,10,77,4.7999999999999545,5.900000000000091
2026,2026-04-22,sc2610,sc2611,20260422 15:24:01,603.8,599.7,618,610.7,603.5,596.4,607.5,604.5,610,603.5,601.7,595.8,123,154,1851,1227,7,56,3.0,6.5
2026,2026-04-23,sc2610,sc2611,20260423 15:29:01,615,607.4,634.7,626.1,615,607.4,628,624,621.3,615,610,603.5,514,154,1679,1287,-172,60,4.0,6.2999999999999545
2026,2026-04-24,sc2610,sc2611,20260424 16:06:01,627.7,622,641.6,632.6,626,622,638,632.2,636.2,630.5,621.3,615,498,51,1525,1294,-154,7,5.7999999999999545,5.7000000000000455
2026,2026-04-27,sc2610,sc2611,20260427 15:24:02,637,628,645,638.9,626.8,618.8,642.7,638.8,636.5,631.5,636.2,630.5,458,51,1449,1302,-76,8,3.900000000000091,5.0
2026,2026-04-28,sc2610,sc2611,20260428 15:22:01,643.3,633.6,655.5,647.7,639.1,633.6,654.3,647.1,650.6,644.6,636.5,631.5,255,101,1452,1311,3,9,7.199999999999932,6.0
2026,2026-04-29,sc2610,sc2611,20260429 15:30:04,656.1,650.8,658.9,651.2,646,638.4,653,644.4,651.1,646.7,650.6,644.6,359,70,1433,1307,-19,-4,8.600000000000023,4.399999999999977
2026,2026-04-30,sc2610,sc2611,20260430 15:35:20,658.1,654.9,673.4,666.2,656.5,649,668.1,659,666.7,660.3,651.1,646.7,647,529,1508,1036,75,-271,9.100000000000023,6.400000000000091
2026,2026-05-06,sc2610,sc2611,20260506 15:27:02,654.1,651,664.1,658.5,652.6,647.6,657.1,654.8,658.1,652.7,666.7,660.3,334,111,1433,980,-75,-56,2.300000000000068,5.399999999999977
2026,2026-05-07,sc2610,sc2611,20260507 15:25:02,634.9,630.9,635.8,630.9,614.9,610.7,616.3,614.1,626.3,621.5,658.1,652.7,348,64,1367,979,-66,-1,2.199999999999932,4.7999999999999545
2026,2026-05-08,sc2610,sc2611,20260508 15:24:01,602.6,600.5,626,620.9,602.6,598,618.2,612.8,616.3,610.9,626.3,621.5,805,97,1757,973,390,-6,5.400000000000091,5.399999999999977
2026,2026-05-11,sc2610,sc2611,20260511 15:37:10,618.5,615,634.9,630.1,614.3,611.4,629.8,625.3,628.4,623.5,616.3,610.9,406,193,1762,887,5,-86,4.5,4.899999999999977
2026,2026-05-12,sc2610,sc2611,20260512 15:25:12,629.8,622.8,640.8,637.8,622.1,618.4,640.4,637.8,631.3,628.1,628.4,623.5,637,125,1993,831,231,-56,2.6000000000000227,3.199999999999932
2026,2026-05-13,sc2610,sc2611,20260513 15:54:13,640.4,638.2,646,640.5,631.1,628,632.9,628.5,637.8,636.1,631.3,628.1,361,55,2046,829,53,-2,4.399999999999977,1.6999999999999318
2026,2026-05-14,sc2610,sc2611,20260514 15:23:55,642,632.9,642,632.9,620,618.5,622.1,618.8,626.3,623,637.8,636.1,618,53,2322,828,276,-1,3.300000000000068,3.2999999999999545
2026,2026-05-15,sc2610,sc2611,20260515 15:33:15,619.6,618.8,653.1,647,618.2,616,646.5,640.6,638.7,636.6,626.3,623,821,392,2384,835,62,7,5.899999999999977,2.1000000000000227
2026,2026-05-18,sc2610,sc2611,20260518 15:58:46,649.8,641.1,669.6,660.8,646.6,640.9,666.2,657.5,661.4,652,638.7,636.6,754,246,2498,915,114,80,8.700000000000045,9.399999999999977
2026,2026-05-19,sc2610,sc2611,20260519 15:24:46,648,651.8,670.2,660,647.6,641,665,656,660.3,650,661.4,652,850,130,2811,952,313,37,9.0,10.299999999999955
2026,2026-05-20,sc2610,sc2611,20260520 15:22:01,666,654.6,672.2,661.3,655.6,646.2,656.8,647.7,665.1,655.6,660.3,650,896,92,3002,981,191,29,9.099999999999909,9.5
2026,2026-05-21,sc2610,sc2611,20260521 15:31:02,652.2,642.5,659.2,645,627.2,620,646.3,638.4,643.4,634.5,665.1,655.6,700,86,2986,991,-16,10,7.899999999999977,8.899999999999977
2026,2026-05-22,sc2610,sc2611,20260522 15:25:01,651.4,640.5,660.1,652.3,625.6,618.5,635.1,630.9,641.5,640.5,643.4,634.5,625,118,3115,992,129,1,4.2000000000000455,1.0
2026,2026-05-25,sc2610,sc2611,20260525 16:02:01,629,623.7,636.1,629.8,596.1,591.1,601.3,595.6,610.2,602.7,641.5,640.5,942,144,3345,1006,230,14,5.699999999999932,7.5
2026,2026-05-26,sc2610,sc2611,20260526 15:23:02,603.4,595.1,605.2,599.8,593,589,598.7,593.7,600.2,594.6,610.2,602.7,1112,278,3515,946,170,-60,5.0,5.600000000000023
2026,2026-05-27,sc2610,sc2611,20260527 15:24:02,598.7,599.7,608.8,603.1,591,585.6,594.7,588.5,599.1,596.2,600.2,594.6,808,210,3533,916,18,-30,6.2000000000000455,2.8999999999999773
2026,2026-05-28,sc2610,sc2611,20260528 15:31:03,585.3,578,598,592.4,579.3,577.7,592.5,587.2,590.4,583.7,599.1,596.2,1310,279,3591,855,58,-61,5.2999999999999545,6.699999999999932
2026,2026-05-29,sc2610,sc2611,20260529 16:34:09,589.6,583.6,595.7,590.1,576.3,572.3,577.7,573.5,584.5,578.7,590.4,583.7,1216,365,3596,813,5,-42,4.2000000000000455,5.7999999999999545
2026,2026-06-01,sc2610,sc2611,20260601 15:23:01,574.5,572.3,593.1,588.8,572.8,570.1,592.8,588.8,582.5,577,584.5,578.7,877,387,3625,874,29,61,4.0,5.5
2026,2026-06-02,sc2610,sc2611,20260602 15:22:01,587.6,583.2,613.6,608.9,585.7,582.9,591.6,586.7,601.4,597.6,582.5,577,2569,515,3876,798,251,-76,4.899999999999977,3.7999999999999545
2026,2026-06-03,sc2610,sc2611,20260603 15:25:02,593.5,589.6,606.8,602.6,591.7,588.3,605.5,600.9,601,594.1,601.4,597.6,1862,305,3790,782,-86,-16,4.600000000000023,6.899999999999977
2026,2026-06-04,sc2610,sc2611,20260604 15:21:01,606.4,602.4,608.2,604,596.6,592.6,599,594.9,602.6,599.3,601,594.1,1084,185,3736,784,-54,2,4.100000000000023,3.300000000000068
2026,2026-06-05,sc2610,sc2611,20260605 15:21:02,589,585.8,597.9,594.2,587.1,585.1,592.6,588.6,592.3,588.7,602.6,599.3,783,248,3666,811,-70,27,4.0,3.599999999999909
2026,2026-06-08,sc2610,sc2611,20260608 15:27:01,591.1,587.2,612,606.5,580,577.1,608.3,604.9,596.5,594.9,592.3,588.7,1205,412,3854,926,188,115,3.3999999999999773,1.6000000000000227
2026,2026-06-09,sc2610,sc2611,20260609 15:26:01,592.1,590.1,598.9,590.1,581.3,578.5,583.7,581.4,585.7,581,596.5,594.9,1745,924,3638,871,-216,-55,2.300000000000068,4.7000000000000455
2026,2026-06-10,sc2610,sc2611,20260610 15:35:12,579.5,577.6,584.4,582.6,567.4,566.5,576.2,573.6,577.8,574.8,585.7,581,1601,339,3856,918,218,47,2.6000000000000227,3.0
2026,2026-06-11,sc2610,sc2611,20260611 15:58:41,582,581.2,596.9,593.4,581.3,579.4,584.5,582.3,587.6,584.2,577.8,574.8,1547,318,4168,891,312,-27,2.2000000000000455,3.3999999999999773
2026,2026-06-12,sc2610,sc2611,20260612 15:22:14,584,585.8,590,587.8,554.6,554.5,559.9,559.8,567,563.6,587.6,584.2,2489,1040,4310,1186,142,295,0.10000000000002274,3.3999999999999773
2026,2026-06-15,sc2610,sc2611,20260615 15:26:17,557.6,556.9,565.7,565,528.9,529.2,533.8,533.5,542.5,541.8,567,563.6,2881,1104,4875,1323,565,137,0.2999999999999545,0.7000000000000455
2026,2026-06-16,sc2610,sc2611,20260616 15:55:17,532.1,532.6,537,536.1,526.4,525.7,530.1,530.6,532.5,530.4,542.5,541.8,1610,493,4811,1305,-64,-18,-0.5,2.1000000000000227
2026,2026-06-17,sc2610,sc2611,20260617 15:26:20,514.9,507,524.5,523.6,507.7,507,511.2,511.3,514.3,513.4,532.5,530.4,3709,753,5817,1300,1006,-5,-0.10000000000002274,0.8999999999999773
2026,2026-06-18,sc2610,sc2611,20260618 15:31:45,517.9,518.1,529,528,506.6,507.4,511.1,511.6,515.9,514.3,514.3,513.4,3956,1054,6530,1713,713,413,-0.5,1.6000000000000227
2026,2026-06-22,sc2610,sc2611,20260622 15:23:01,525.6,522.7,525.6,522.7,505.4,505.7,511.5,511.9,512.9,512.9,515.9,514.3,1731,191,6764,1639,234,-74,-0.39999999999997726,0.0
2026,2026-06-23,sc2610,sc2611,20260623 15:27:02,508,508.9,511.8,511.6,494.2,496.2,496.8,499.1,503.2,501.4,512.9,512.9,4198,1224,7056,2027,292,388,-2.3000000000000114,1.8000000000000114
2026,2026-06-24,sc2610,sc2611,20260624 16:16:02,499.3,502.4,501.1,502.4,488.7,490.3,493,495,493.6,495.4,503.2,501.4,6137,1788,7759,2437,703,410,-2.0,-1.7999999999999545
2026,2026-06-25,sc2610,sc2611,20260625 15:38:02,480.2,485.1,483.7,485.6,468.9,471.9,471.3,474.5,474.2,477.9,493.6,495.4,11116,2209,7998,2753,239,316,-3.1999999999999886,-3.6999999999999886
2026,2026-06-26,sc2610,sc2611,20260626 15:33:01,472.8,475.6,486.7,490.2,471.8,475.5,475.7,480.2,478.7,481.6,474.2,477.9,9732,2139,9392,3052,1394,299,-4.5,-2.900000000000034
2026,2026-06-29,sc2610,sc2611,20260629 15:25:01,469.4,474.9,477.1,480.9,467,471.6,473,477.7,472,475.9,478.7,481.6,9508,1443,11401,3307,2009,255,-4.699999999999989,-3.8999999999999773
2026,2026-06-30,sc2610,sc2611,20260630 15:24:26,475.3,477.7,476.3,479.5,467.1,471.2,469.9,474,471.5,475.7,472,475.9,5665,348,12150,3300,749,-7,-4.100000000000023,-4.199999999999989
2026,2026-07-01,sc2610,sc2611,20260701 15:32:01,473.1,479.2,479.6,483,459.8,464.1,460,464.1,469.6,471.4,471.5,475.7,5774,858,12966,3326,816,26,-4.100000000000023,-1.7999999999999545
2026,2026-07-02,sc2610,sc2611,20260702 16:15:01,454.4,458.4,460.3,464.2,440.7,445.4,442.7,447.4,449.3,454,469.6,471.4,8430,1486,14336,3614,1370,288,-4.699999999999989,-4.699999999999989
2026,2026-07-03,sc2610,sc2611,20260703 15:26:01,442.7,446.2,453.5,457.2,441.7,446,449,452.5,447.6,451.5,449.3,454,10004,2406,15840,4182,1504,568,-3.5,-3.8999999999999773
2026,2026-07-06,sc2610,sc2611,20260706 15:30:01,446.4,448.3,450.5,454.7,441.5,446.1,445.7,449.1,445.6,449.1,447.6,451.5,9252,2389,17311,4642,1471,460,-3.400000000000034,-3.5
2026,2026-07-07,sc2610,sc2611,20260707 15:24:01,443.7,447.7,451.3,454.7,443.2,447.4,451.3,454.7,447.1,451.4,445.6,449.1,6222,1273,17293,4751,-18,109,-3.3999999999999773,-4.2999999999999545
2026,2026-07-08,sc2610,sc2611,20260708 15:33:01,451.5,454.7,474.1,477,447.6,452.5,472.6,476,463.5,465.4,447.1,451.4,13883,2012,18701,4656,1408,-95,-3.3999999999999773,-1.8999999999999773
2026,2026-07-09,sc2610,sc2611,20260709 15:28:27,477.4,482.1,499.7,501.8,476.5,480.2,482,484.3,487.4,491.1,463.5,465.4,18372,3850,17868,4391,-833,-265,-2.3000000000000114,-3.7000000000000455
2026,2026-07-10,sc2610,sc2611,20260710 15:32:13,484.8,489.9,486.9,489.9,470.6,474.3,474.9,477.1,477.5,480,487.4,491.1,10574,1816,17754,4602,-114,211,-2.2000000000000455,-2.5
2026,2026-07-13,sc2610,sc2611,20260713 15:27:18,475.3,478.6,492.9,495.7,465.8,469,486.5,489.7,482.2,485.8,477.5,480,13063,1889,18539,4817,785,215,-3.1999999999999886,-3.6000000000000227
2026,2026-07-14,sc2610,sc2611,20260714 15:29:11,485.1,488.5,523.6,526.2,482.2,485.6,521.9,524.5,507,513.4,482.2,485.8,19183,2448,17867,4817,-672,0,-2.6000000000000227,-6.399999999999977
2026,2026-07-15,sc2610,sc2611,20260715 16:01:20,525,530,527.1,530,511.6,513.7,524.3,526.5,521.2,523.3,507,513.4,16737,1870,16909,4741,-958,-76,-2.2000000000000455,-2.099999999999909
2026,2026-07-16,sc2610,sc2611,20260716 15:30:10,522,525.4,525.2,526.9,514.5,517.4,518.1,520.7,520.4,522.8,521.2,523.3,12790,1474,16543,4706,-366,-35,-2.6000000000000227,-2.3999999999999773
2026,2026-07-17,sc2610,sc2611,20260717 15:27:23,525.2,528,529.3,531.7,504.6,507.5,514.4,515,517,519,520.4,522.8,19243,2269,14761,4801,-1782,95,-0.6000000000000227,-2.0
2026,2026-07-20,sc2610,sc2611,20260720 16:08:01,523.4,526.5,555.4,556,523.3,525.4,550.8,551.4,542.2,544.5,517,519,22388,2683,15433,4812,672,11,-0.6000000000000227,-2.2999999999999545
2026,2026-07-21,sc2610,sc2611,20260721 15:25:01,539.8,540.1,539.8,540.3,527.7,529.5,534.1,535.7,533.7,535,542.2,544.5,18902,1821,15943,4769,510,-43,-1.6000000000000227,-1.2999999999999545
2026,2026-07-22,sc2610,sc2611,20260722 15:27:01,545.5,547.9,559.3,558,545,545.5,558.4,557.3,551.7,552.1,533.7,535,23492,3616,16650,5143,707,374,1.1000000000000227,-0.39999999999997726
2026,2026-07-23,sc2610,sc2611,20260723 17:48:11,563.9,562.6,570.9,567.6,552.5,550.9,570.8,567.6,562.4,559,551.7,552.1,25649,5598,16992,5702,342,559,3.199999999999932,3.3999999999999773
2026,2026-07-24,sc2610,sc2611,20260724 15:25:02,575,578.5,597.3,588.6,575,573.8,583.2,576.4,585.8,579.2,562.4,559,36528,7497,18659,5884,1667,182,6.800000000000068,6.599999999999909
2026,2026-07-27,sc2610,sc2611,20260727 16:04:03,577.9,568.9,579.1,573,536.7,533.7,537.8,533.9,557.7,552.9,585.8,579.2,45029,11501,18414,6250,-245,366,3.8999999999999773,4.800000000000068
2026,2026-07-28,sc2610,sc2611,20260728 15:21:01,543,539.1,544.6,540.6,519.5,515.2,524.2,520.2,532,528.6,557.7,552.9,32011,8178,19600,7525,1186,1275,4.0,3.3999999999999773
2026,2026-07-29,sc2610,sc2611,20260729 15:26:01,523,518.8,543.6,537.2,510,505.1,534.9,529.9,527.1,520.3,532,528.6,29621,8354,20355,7902,755,377,5.0,6.800000000000068
2026,2026-07-30,sc2610,sc2611,20260730 15:26:30,551,545.4,557.5,551.3,536.9,532.6,552.8,546,549.7,544.2,527.1,520.3,32012,8813,21748,8033,1393,131,6.7999999999999545,5.5
2026,2026-07-31,sc2610,sc2611,20260731 15:31:07,543.1,536.3,544,538.7,524.9,519.2,531.3,525.4,534.6,529,549.7,544.2,27708,8505,22467,8728,719,695,5.899999999999977,5.600000000000023
2026,2026-08-03,sc2610,sc2611,20260803 15:29:02,550.1,546.5,552,546.5,515.2,513,519.7,515.7,532.2,527.3,534.6,529,32248,8155,22002,8470,-465,-258,4.0,4.900000000000091
2026,2026-08-04,sc2610,sc2611,20260804 15:43:02,519.4,515.9,536.2,531.8,518.3,515,527.1,522.9,526.7,522.2,532.2,527.3,24429,6910,22532,8577,530,107,4.2000000000000455,4.5
2026,2026-08-05,sc2610,sc2611,20260805 15:25:01,510.5,507.3,517.3,514.4,498.1,495.6,500,496.7,506.5,504.3,526.7,522.2,43521,10982,24148,9414,1616,837,3.3000000000000114,2.1999999999999886
2026,2026-08-06,sc2610,sc2611,20260806 15:22:01,510,505,510,505.2,492.4,489.6,507.4,502.9,501.2,498.2,506.5,504.3,39853,9255,22486,9736,-1662,322,4.5,3.0
2026,2026-08-07,sc2610,sc2611,20260808 11:29:50,512,506,526.2,520.7,506.8,502.9,521.5,516.1,517.4,512.8,501.2,498.2,35807,8403,23445,10435,959,699,5.399999999999977,4.600000000000023
2026,2026-08-10,sc2610,sc2611,20260810 15:30:46,514,509.1,530.1,524,512.5,507.6,523.4,518,522.7,517.3,517.4,512.8,33873,6773,24464,11069,1019,634,5.399999999999977,5.400000000000091
2026,2026-08-11,sc2610,sc2611,20260811 15:25:17,531.4,526.2,557.6,550.8,529.8,524.5,556.6,549.5,543.7,537.3,522.7,517.3,47852,8250,27315,11185,2851,116,7.100000000000023,6.400000000000091
2026,2026-08-12,sc2610,sc2611,20260812 15:32:18,550,548.4,555.5,549.2,540,533.8,552.1,545.3,548.1,542.7,543.7,537.3,49557,9852,28864,11677,1549,492,6.800000000000068,5.399999999999977
2026,2026-08-13,sc2610,sc2611,20260813 15:57:14,547,541,557.9,548.8,543.6,536,553.5,544.6,550.6,542.5,548.1,542.7,46990,8979,31188,12814,2324,1137,8.899999999999977,8.100000000000023
2026,2026-08-14,sc2610,sc2611,20260814 15:28:17,543.1,535,559.1,549.6,540.7,533.4,556.2,547.1,550.5,541.6,550.6,542.5,76261,9477,34629,13197,3441,383,9.100000000000023,8.899999999999977
2026,2026-08-17,sc2610,sc2611,20260817 15:29:24,550.6,540.1,571.8,560,549.4,540.1,561.6,551.5,559.6,549.6,550.5,541.6,77604,9817,36930,13733,2301,536,10.100000000000023,10.0
2026,2026-08-18,sc2610,sc2611,20260818 15:52:28,570.1,558.9,587.8,576.8,563.6,554.2,584.8,574.3,575.4,566,559.6,549.6,98703,11006,41193,13999,4263,266,10.5,9.399999999999977
2026,2026-08-19,sc2610,sc2611,20260819 15:27:51,584,576.8,589.7,578.7,579,569.9,585.8,575,585.3,574.9,575.4,566,115650,12311,43132,13776,1939,-223,10.799999999999955,10.399999999999977
2026,2026-08-20,sc2610,sc2611,20260820 15:33:01,580,571,594.6,581.7,575.4,494.4,583.4,572.4,584.9,572.8,585.3,574.9,145376,20233,42904,12290,-228,-1486,11.0,12.100000000000023
2026,2026-08-21,sc2610,sc2611,20260821 15:27:01,595,584.9,598.6,585.8,585,575,592.9,581.1,592.4,581.1,584.9,572.8,132364,15835,43369,12065,465,-225,11.799999999999955,11.299999999999955
2026,2026-08-24,sc2610,sc2611,20260824 15:34:02,595.4,584.6,603.6,590.1,581.6,570.5,587.8,576.6,593.6,580,592.4,581.1,152210,19059,42179,12560,-1190,495,11.199999999999932,13.600000000000023
2026,2026-08-25,sc2610,sc2611,20260825 16:03:02,589.8,579.6,601.4,589.3,582.8,574.5,584.1,575.4,591.8,581.2,593.6,580,165640,27219,41705,14449,-474,1889,8.700000000000045,10.599999999999909
2026,2026-08-26,sc2610,sc2611,20260826 15:25:03,570.5,558.9,577.2,567.8,551.7,544,556.4,547.7,564.5,554,591.8,581.2,149462,26566,41787,15835,82,1386,8.699999999999932,10.5
2026,2026-08-27,sc2610,sc2611,20260827 15:23:01,558.8,547.1,586.3,571.8,557.4,547.1,576.5,563,573.7,562.8,564.5,554,166524,30187,41699,16832,-88,997,13.5,10.900000000000091
2026,2026-08-28,sc2610,sc2611,20260828 15:34:01,586,572.1,604.8,590.3,581.8,569.3,596.5,580.8,592.3,578.4,573.7,562.8,153166,30033,43480,17523,1781,691,15.700000000000045,13.899999999999977
2026,2026-08-31,sc2610,sc2611,20260831 15:30:42,595,578,639.1,614.1,592,577,635.1,609.4,618.3,598,592.3,578.4,189512,34520,42699,19812,-781,2289,25.700000000000045,20.299999999999955
2026,2026-09-01,sc2610,sc2611,20260901 15:34:02,640.3,614,644.4,617.4,631.3,604.9,637.8,613.4,637.2,610.8,618.3,598,129290,25133,40001,20497,-2698,685,24.399999999999977,26.40000000000009
2026,2026-09-02,sc2610,sc2611,20260902 15:23:02,650,625,710.2,680,648,621.9,693.3,652.3,677.3,649.7,637.2,610.8,245258,59487,39427,23576,-574,3079,41.0,27.59999999999991
2026,2026-09-03,sc2610,sc2611,20260903 15:29:02,686,647.8,706.3,659.3,671.1,634.2,681.7,642.3,690.9,647.7,677.3,649.7,201607,47291,37059,23976,-2368,400,39.40000000000009,43.19999999999993
2026,2026-09-04,sc2610,sc2611,20260904 15:30:01,695.5,650.8,699,656.7,665.4,639.3,685.2,647.1,683.1,648.1,690.9,647.7,161887,38358,35793,23630,-1266,-346,38.10000000000002,35.0
2026,2026-09-07,sc2610,sc2611,20260907 15:34:36,678,636.9,709,663.2,666.7,631.2,699.3,658.5,688.5,648.5,683.1,648.1,195677,42373,38974,24867,3181,1237,40.799999999999955,40.0
2026,2026-09-08,sc2610,sc2611,20260908 15:25:29,697.6,659.8,723,679.1,691.6,655.7,720.6,678.4,703.3,665,688.5,648.5,136321,39490,38758,26889,-216,2022,42.200000000000045,38.299999999999955
